[{"CNPJ":23030000113,"RAZAO_SOCIAL":"GILMAR A FRARE","NOME_FANTASIA":"PADARIA MORUNGABA","RUA":"PRA\u00c7A JOAO PESSOA","NUMERO":"142","COMPLEMENTO":null,"BAIRRO":"CENTRO","CIDADE":"MORUNGABA","ESTADO":"SP","CEP":13260000.0,"LATITUDE":-22.83245215,"LONGITUDE":-46.8004621316,"TELEFONE":"(11)1477","SITE":"EXEMPLOPADARIAMORUNGABA.COM","CNAE_DESCRICAO":"Lanchonetes casas de ch\u00e1 de sucos e similares"},{"CNPJ":15700000150,"RAZAO_SOCIAL":"F. C. F. PESQUEIRO E RESTAURANTE LTDA","NOME_FANTASIA":"PESQUEIRO MURAYAMA","RUA":"AVENIDA P.L. DO BRASIL","NUMERO":"SM","COMPLEMENTO":"KM    05","BAIRRO":"CENTRO","CIDADE":"ARUJA","ESTADO":"SP","CEP":7400630.0,"LATITUDE":-23.3944375,"LONGITUDE":-46.3204462,"TELEFONE":"(11)221497","SITE":"EXEMPLOPESQUEIROMURAYAMA.COM","CNAE_DESCRICAO":"Bares e outros estabelecimentos especializados em servir bebidas com entretenimento"},{"CNPJ":1165656000127,"RAZAO_SOCIAL":"BAR NASCIMENTO E SOUZA LTDA","NOME_FANTASIA":"Indispon\u00edvel","RUA":"RUA PRES. GETULIO DORNELES VARGAS","NUMERO":"187","COMPLEMENTO":"CASA  01","BAIRRO":"VILA NOVA MAIRINQUE","CIDADE":"MAIRINQUE","ESTADO":"SP","CEP":18120000.0,"LATITUDE":-23.5382294,"LONGITUDE":-47.1849892,"TELEFONE":"(11)22222373","SITE":"EXEMPLOIndispon\u00edvel.COM","CNAE_DESCRICAO":"Restaurantes e similares"},{"CNPJ":996000135,"RAZAO_SOCIAL":"LL LANCHONETE LTDA","NOME_FANTASIA":"Indispon\u00edvel","RUA":"RUA VOLUNTARIOS DA PATRIA","NUMERO":"512","COMPLEMENTO":"TERREO520","BAIRRO":"SANTANA","CIDADE":"SAO PAULO","ESTADO":"SP","CEP":2010000.0,"LATITUDE":-22.004508,"LONGITUDE":-50.3862746,"TELEFONE":"(11)2227","SITE":"EXEMPLOIndispon\u00edvel.COM","CNAE_DESCRICAO":"Bares e outros estabelecimentos especializados em servir bebidas sem entretenimento"},{"CNPJ":116504000171,"RAZAO_SOCIAL":"WERDEN CONSULTORIA EMPRESARIAL E PARTICIPACOES LTDA","NOME_FANTASIA":"WERDEN BAR","RUA":"RUA AMAURI","NUMERO":"284","COMPLEMENTO":null,"BAIRRO":"ITAIM BIBI","CIDADE":"SAO PAULO","ESTADO":"SP","CEP":1448000.0,"LATITUDE":-23.5843807,"LONGITUDE":-46.6784441,"TELEFONE":"(11)22545885","SITE":"EXEMPLOWERDENBAR.COM","CNAE_DESCRICAO":"Lanchonetes casas de ch\u00e1 de sucos e similares"},{"CNPJ":225869000134,"RAZAO_SOCIAL":"ANTONIO FUKUMI SATO","NOME_FANTASIA":"Indispon\u00edvel","RUA":"RUA VOLTA GRANDE","NUMERO":"226","COMPLEMENTO":null,"BAIRRO":"VILA CARRAO","CIDADE":"SAO PAULO","ESTADO":"SP","CEP":3436090.0,"LATITUDE":-23.5498671,"LONGITUDE":-46.5385802,"TELEFONE":"(11)2262","SITE":"EXEMPLOIndispon\u00edvel.COM","CNAE_DESCRICAO":"Servi\u00e7os ambulantes de alimenta\u00e7\u00e3o"},{"CNPJ":1340000137,"RAZAO_SOCIAL":"LANCHONETE AQUI AGORA LTDA","NOME_FANTASIA":"Indispon\u00edvel","RUA":"RUA DAS OLARIAS","NUMERO":"36","COMPLEMENTO":null,"BAIRRO":"CANINDE","CIDADE":"SAO PAULO","ESTADO":"SP","CEP":3030020.0,"LATITUDE":-20.1696392,"LONGITUDE":-47.8407637,"TELEFONE":"(11)26181289","SITE":"EXEMPLOIndispon\u00edvel.COM","CNAE_DESCRICAO":"Bares e outros estabelecimentos especializados em servir bebidas sem entretenimento"},{"CNPJ":2692000107,"RAZAO_SOCIAL":"PIZZARIA FERREIRA & COSTA LTDA","NOME_FANTASIA":"PIZZARIA CASA VELHA","RUA":"RUA PARAPUA","NUMERO":"1203","COMPLEMENTO":null,"BAIRRO":"FREGUESIA DO O","CIDADE":"SAO PAULO","ESTADO":"SP","CEP":2831001.0,"LATITUDE":-23.4874636,"LONGITUDE":-46.6951317,"TELEFONE":"(11)272918","SITE":"EXEMPLOPIZZARIACASAVELHA.COM","CNAE_DESCRICAO":"Bares e outros estabelecimentos especializados em servir bebidas sem entretenimento"},{"CNPJ":14649000161,"RAZAO_SOCIAL":"MEXI-YA RESTAURANTE LTDA","NOME_FANTASIA":"Indispon\u00edvel","RUA":"RUA SANTANA","NUMERO":"81","COMPLEMENTO":null,"BAIRRO":"CENTRO","CIDADE":"MOGI DAS CRUZES","ESTADO":"SP","CEP":8710610.0,"LATITUDE":-23.5232167,"LONGITUDE":-46.1995743,"TELEFONE":"(11)3174","SITE":"EXEMPLOIndispon\u00edvel.COM","CNAE_DESCRICAO":"Bares e outros estabelecimentos especializados em servir bebidas com entretenimento"},{"CNPJ":1151000164,"RAZAO_SOCIAL":"JAZZ BURGER HAMBURGUERIA LTDA","NOME_FANTASIA":"Indispon\u00edvel","RUA":"AVENIDA BRIGADEIRO LUIZ ANTONIO","NUMERO":"1740","COMPLEMENTO":"FUNDOS","BAIRRO":"BELA VISTA","CIDADE":"SAO PAULO","ESTADO":"SP","CEP":1318002.0,"LATITUDE":-23.5601219,"LONGITUDE":-46.6500338,"TELEFONE":"(11)3260","SITE":"EXEMPLOIndispon\u00edvel.COM","CNAE_DESCRICAO":"Bares e outros estabelecimentos especializados em servir bebidas sem entretenimento"},{"CNPJ":17405000132,"RAZAO_SOCIAL":"M.F. DE ARRUDA NETO","NOME_FANTASIA":"Indispon\u00edvel","RUA":"RUA JOSE DEL ROIO","NUMERO":"672","COMPLEMENTO":null,"BAIRRO":"UBERABA","CIDADE":"BRAGANCA PAULISTA","ESTADO":"SP","CEP":12908844.0,"LATITUDE":null,"LONGITUDE":null,"TELEFONE":"(11)339921","SITE":"EXEMPLOIndispon\u00edvel.COM","CNAE_DESCRICAO":"Lanchonetes casas de ch\u00e1 de sucos e similares"},{"CNPJ":7320000173,"RAZAO_SOCIAL":"FABRICATTO PIZZAS PARA VIAGENS LTDA","NOME_FANTASIA":"Indispon\u00edvel","RUA":"RUA ITAPICURU","NUMERO":"716","COMPLEMENTO":null,"BAIRRO":"PERDIZES","CIDADE":"SAO PAULO","ESTADO":"SP","CEP":5006000.0,"LATITUDE":-23.5379295,"LONGITUDE":-46.6806705109,"TELEFONE":"(11)367379","SITE":"EXEMPLOIndispon\u00edvel.COM","CNAE_DESCRICAO":"Bares e outros estabelecimentos especializados em servir bebidas com entretenimento"},{"CNPJ":1837904000139,"RAZAO_SOCIAL":"CARLOS TADEO GRESPAN 08456740802","NOME_FANTASIA":"BAR DO TADEO","RUA":"AVENIDA DR. ALIPIO FERREIRA","NUMERO":"441","COMPLEMENTO":null,"BAIRRO":"CENTRO","CIDADE":"PIRACAIA","ESTADO":"SP","CEP":12970000.0,"LATITUDE":-21.1537594,"LONGITUDE":-48.9714132975,"TELEFONE":"(11)367515","SITE":"EXEMPLOBARDOTADEO.COM","CNAE_DESCRICAO":"Restaurantes e similares"},{"CNPJ":2623000101,"RAZAO_SOCIAL":"MANOEL MEDEIROS DO NASCIMENTO","NOME_FANTASIA":"Indispon\u00edvel","RUA":"RUA JOSE UBEDA MARTINS","NUMERO":"48","COMPLEMENTO":null,"BAIRRO":"JDIM NOVO OSASCO","CIDADE":"OSASCO","ESTADO":"SP","CEP":6142230.0,"LATITUDE":null,"LONGITUDE":null,"TELEFONE":"(11)36852113","SITE":"EXEMPLOIndispon\u00edvel.COM","CNAE_DESCRICAO":"Lanchonetes casas de ch\u00e1 de sucos e similares"},{"CNPJ":5858000149,"RAZAO_SOCIAL":"ITABERABA POINT SUPER LANCHES LTDA","NOME_FANTASIA":"ITABERABA POINT","RUA":"AVENIDA ITABERABA","NUMERO":"5015","COMPLEMENTO":null,"BAIRRO":"ITABERABA","CIDADE":"SAO PAULO","ESTADO":"SP","CEP":2739000.0,"LATITUDE":-23.4865043,"LONGITUDE":-46.6911182959,"TELEFONE":"(11)3755","SITE":"EXEMPLOITABERABAPOINT.COM","CNAE_DESCRICAO":"Bares e outros estabelecimentos especializados em servir bebidas sem entretenimento"},{"CNPJ":2419765002997,"RAZAO_SOCIAL":"HOTELARIA ACCORINVEST BRASIL S.A","NOME_FANTASIA":"Indispon\u00edvel","RUA":"AVENIDA VIEIRA SOUTO","NUMERO":"00","COMPLEMENTO":"      QC 11 E QC 12 E\/F A       RUA MARIA QUITERIA","BAIRRO":"IPANEMA","CIDADE":"RIO DE JANEIRO","ESTADO":"RJ","CEP":22420002.0,"LATITUDE":-22.9839557,"LONGITUDE":-43.2022163,"TELEFONE":"(11)38186427","SITE":"EXEMPLOIndispon\u00edvel.COM","CNAE_DESCRICAO":"Restaurantes e similares"},{"CNPJ":8007000150,"RAZAO_SOCIAL":"RESTAURANTE GOURMET DO PARQUE LTDA","NOME_FANTASIA":"Indispon\u00edvel","RUA":"RUA BRIGADEIRO HENRIQUE FONTENELLE","NUMERO":"834","COMPLEMENTO":null,"BAIRRO":"PARQUE SAO DOMINGOS","CIDADE":"SAO PAULO","ESTADO":"SP","CEP":5125001.0,"LATITUDE":-22.9348324,"LONGITUDE":-45.4534005,"TELEFONE":"(11)38622288","SITE":"EXEMPLOIndispon\u00edvel.COM","CNAE_DESCRICAO":"Bares e outros estabelecimentos especializados em servir bebidas com entretenimento"},{"CNPJ":3289000100,"RAZAO_SOCIAL":"LANCHONETE NUFER LTDA","NOME_FANTASIA":"Indispon\u00edvel","RUA":"RUA ALFREDO PUJOL","NUMERO":"48","COMPLEMENTO":null,"BAIRRO":"SANTANA","CIDADE":"SAO PAULO","ESTADO":"SP","CEP":2017000.0,"LATITUDE":-22.004508,"LONGITUDE":-50.3862746,"TELEFONE":"(11)3868","SITE":"EXEMPLOIndispon\u00edvel.COM","CNAE_DESCRICAO":"Bares e outros estabelecimentos especializados em servir bebidas sem entretenimento"},{"CNPJ":30113000130,"RAZAO_SOCIAL":"E. R. GAZ FAST FOOD","NOME_FANTASIA":"FASHION BAR","RUA":"RUA PAMPLONA","NUMERO":"1464","COMPLEMENTO":null,"BAIRRO":"JARDIM PAULISTA","CIDADE":"SAO PAULO","ESTADO":"SP","CEP":1405002.0,"LATITUDE":-22.1952113,"LONGITUDE":-46.740504,"TELEFONE":"(11)38855822","SITE":"EXEMPLOFASHIONBAR.COM","CNAE_DESCRICAO":"Lanchonetes casas de ch\u00e1 de sucos e similares"},{"CNPJ":253000165,"RAZAO_SOCIAL":"FEIJAO COM ARROZ RESTAURANTE E LANCHONETE - EIRELI","NOME_FANTASIA":"Indispon\u00edvel","RUA":"ALAMEDA DOS AICAS","NUMERO":"1501","COMPLEMENTO":null,"BAIRRO":"INDIANOPOLIS","CIDADE":"SAO PAULO","ESTADO":"SP","CEP":4086003.0,"LATITUDE":-23.6074637,"LONGITUDE":-46.6689221,"TELEFONE":"(11)39651177","SITE":"EXEMPLOIndispon\u00edvel.COM","CNAE_DESCRICAO":"Bares e outros estabelecimentos especializados em servir bebidas com entretenimento"},{"CNPJ":4854000146,"RAZAO_SOCIAL":"MR. PAUL RESTAURANTE LTDA","NOME_FANTASIA":"Indispon\u00edvel","RUA":"RUA HENRIQUE MONTEIRO","NUMERO":"148","COMPLEMENTO":null,"BAIRRO":"PINHEIROS","CIDADE":"SAO PAULO","ESTADO":"SP","CEP":5423020.0,"LATITUDE":-23.567249,"LONGITUDE":-46.7019515,"TELEFONE":"(11)396938","SITE":"EXEMPLOIndispon\u00edvel.COM","CNAE_DESCRICAO":"Bares e outros estabelecimentos especializados em servir bebidas com entretenimento"},{"CNPJ":118998000123,"RAZAO_SOCIAL":"ELIANE MARIA ROSSI","NOME_FANTASIA":"LANCHONETE TREVO","RUA":"AVENIDA SAPOPEMBA","NUMERO":"506","COMPLEMENTO":null,"BAIRRO":"FAZENDA ORATORIO","CIDADE":"SANTO ANDRE","ESTADO":"SP","CEP":9250300.0,"LATITUDE":null,"LONGITUDE":null,"TELEFONE":"(11)442702","SITE":"EXEMPLOLANCHONETETREVO.COM","CNAE_DESCRICAO":"Lanchonetes casas de ch\u00e1 de sucos e similares"},{"CNPJ":1592000166,"RAZAO_SOCIAL":"BAR E LANCHES COPA 70 SANTO ANDRE LTDA","NOME_FANTASIA":"BAR E LANCHES COPA 70","RUA":"RUA LUCINDA FERREIRA","NUMERO":"55","COMPLEMENTO":null,"BAIRRO":"VILA LUCINDA","CIDADE":"SANTO ANDRE","ESTADO":"SP","CEP":9250680.0,"LATITUDE":-23.6268801,"LONGITUDE":-46.5150943,"TELEFONE":"(11)447912","SITE":"EXEMPLOBARELANCHESCOPA70.COM","CNAE_DESCRICAO":"Bares e outros estabelecimentos especializados em servir bebidas sem entretenimento"},{"CNPJ":28307000109,"RAZAO_SOCIAL":"EDSON APARECIDO CESARIO","NOME_FANTASIA":"BAR E MERCEARIA LANCHONETE NOSSO CANTINHO","RUA":"RUA JOSE PHILOMENO","NUMERO":"60","COMPLEMENTO":null,"BAIRRO":"JARDIM ALEGRIA","CIDADE":"ITUPEVA","ESTADO":"SP","CEP":13295000.0,"LATITUDE":-23.1505863,"LONGITUDE":-47.0564719,"TELEFONE":"(11)44962849","SITE":"EXEMPLOBAREMERCEARIALANCHONETENOSSOCANTINHO.COM","CNAE_DESCRICAO":"Lanchonetes casas de ch\u00e1 de sucos e similares"},{"CNPJ":1249450000185,"RAZAO_SOCIAL":"JACK BAR E RESTAURANTE LTDA","NOME_FANTASIA":"JACK BAR E RESTAURANTE","RUA":"RUA LACERDA FRANCO","NUMERO":"76","COMPLEMENTO":null,"BAIRRO":"VILA ARENS I","CIDADE":"JUNDIAI","ESTADO":"SP","CEP":13201750.0,"LATITUDE":-23.1989846,"LONGITUDE":-46.8774198,"TELEFONE":"(11)452250","SITE":"EXEMPLOJACKBARERESTAURANTE.COM","CNAE_DESCRICAO":"Restaurantes e similares"},{"CNPJ":4492000193,"RAZAO_SOCIAL":"FRANCISCO FELIX DE SOUZA JUNDIAI","NOME_FANTASIA":"AKAZO COUNTRY BEER","RUA":"RUA CICA","NUMERO":"1944","COMPLEMENTO":null,"BAIRRO":"VILA RAMI","CIDADE":"JUNDIAI","ESTADO":"SP","CEP":13206235.0,"LATITUDE":-23.213797,"LONGITUDE":-46.8800377,"TELEFONE":"(11)45264416","SITE":"EXEMPLOAKAZOCOUNTRYBEER.COM","CNAE_DESCRICAO":"Bares e outros estabelecimentos especializados em servir bebidas com entretenimento"},{"CNPJ":6217000109,"RAZAO_SOCIAL":"ANITA JUANA DOMINGUES RODRIGUEZ","NOME_FANTASIA":"RESTAURANTE E LANCHONETE MAGARENA","RUA":"RUA PRESIDENTE ARTUR DA COSTA E SILVA","NUMERO":"34","COMPLEMENTO":null,"BAIRRO":"PARQUE SAO VICENTE","CIDADE":"MAUA","ESTADO":"SP","CEP":9371490.0,"LATITUDE":-23.6699725,"LONGITUDE":-46.4752622,"TELEFONE":"(11)454636","SITE":"EXEMPLORESTAURANTEELANCHONETEMAGARENA.COM","CNAE_DESCRICAO":"Bares e outros estabelecimentos especializados em servir bebidas com entretenimento"},{"CNPJ":2562582000125,"RAZAO_SOCIAL":"OPTIONS AMERICAN BAR KARAOKE LTDA","NOME_FANTASIA":"Indispon\u00edvel","RUA":"RUA DA SAUDE","NUMERO":"160","COMPLEMENTO":null,"BAIRRO":"CENTRO","CIDADE":"JUNDIAI","ESTADO":"SP","CEP":13207010.0,"LATITUDE":-22.9986702,"LONGITUDE":-46.8359031,"TELEFONE":"(11)45852541","SITE":"EXEMPLOIndispon\u00edvel.COM","CNAE_DESCRICAO":"Restaurantes e similares"},{"CNPJ":11517000186,"RAZAO_SOCIAL":"MARISA RIGO","NOME_FANTASIA":"Indispon\u00edvel","RUA":"AVENIDA BARAO DE ITAPEMA","NUMERO":"225","COMPLEMENTO":null,"BAIRRO":"CENTRO","CIDADE":"ITATIBA","ESTADO":"SP","CEP":13250020.0,"LATITUDE":-22.9986702,"LONGITUDE":-46.8359031,"TELEFONE":"(11)45942477","SITE":"EXEMPLOIndispon\u00edvel.COM","CNAE_DESCRICAO":"Bares e outros estabelecimentos especializados em servir bebidas com entretenimento"},{"CNPJ":4354000104,"RAZAO_SOCIAL":"JOAQUIM GOMES CORREIA VILA VIRGINIA","NOME_FANTASIA":"BAR E LANCHONETE DA VILA-VIRGINIA","RUA":"AVENIDA UBERABA","NUMERO":"874","COMPLEMENTO":"-","BAIRRO":"VL. VIRGINIA","CIDADE":"ITAQUAQUECETUBA","ESTADO":"SP","CEP":8573070.0,"LATITUDE":-23.4863168,"LONGITUDE":-46.349858,"TELEFONE":"(11)464892","SITE":"EXEMPLOBARELANCHONETEDAVILA-VIRGINIA.COM","CNAE_DESCRICAO":"Bares e outros estabelecimentos especializados em servir bebidas sem entretenimento"},{"CNPJ":3606000180,"RAZAO_SOCIAL":"BECAO DAS MASSAS DE SALTO LTDA","NOME_FANTASIA":"BECAO DAS MASSAS","RUA":"AVENIDA DOM PEDRO II","NUMERO":"1226","COMPLEMENTO":"BOX   N. 212","BAIRRO":"CENTRO","CIDADE":"SALTO","ESTADO":"SP","CEP":13320240.0,"LATITUDE":-23.6494046,"LONGITUDE":-47.5730463,"TELEFONE":"(11)4832168","SITE":"EXEMPLOBECAODASMASSAS.COM","CNAE_DESCRICAO":"Bares e outros estabelecimentos especializados em servir bebidas com entretenimento"},{"CNPJ":15094000172,"RAZAO_SOCIAL":"VARILE BAR LTDA","NOME_FANTASIA":"Indispon\u00edvel","RUA":"RUA ITACURUBA","NUMERO":"289","COMPLEMENTO":null,"BAIRRO":"VILA MASCOTE","CIDADE":"SAO PAULO","ESTADO":"SP","CEP":4362070.0,"LATITUDE":-23.6459168,"LONGITUDE":-46.6675551,"TELEFONE":"(11)487954","SITE":"EXEMPLOIndispon\u00edvel.COM","CNAE_DESCRICAO":"Lanchonetes casas de ch\u00e1 de sucos e similares"},{"CNPJ":3609000114,"RAZAO_SOCIAL":"BLACK LABEL SOCIETY LANCHONETE LTDA","NOME_FANTASIA":"BLACK LABEL SOCIETY","RUA":"AVENIDA FELICIANO CORREIA","NUMERO":"S\/N","COMPLEMENTO":"      CANTINA","BAIRRO":"JARDIM SATELITE","CIDADE":"SAO PAULO","ESTADO":"SP","CEP":4815240.0,"LATITUDE":-23.7286926,"LONGITUDE":-46.5905902,"TELEFONE":"(11)49943111","SITE":"EXEMPLOBLACKLABELSOCIETY.COM","CNAE_DESCRICAO":"Bares e outros estabelecimentos especializados em servir bebidas sem entretenimento"},{"CNPJ":3066000135,"RAZAO_SOCIAL":"LANCHONETE E BUFFET LUZ DO SOL LTDA","NOME_FANTASIA":"LANCHONETE E BUFFET LUZ DO SOL","RUA":"RUA HIPOCRATES","NUMERO":"17","COMPLEMENTO":null,"BAIRRO":"JARDIM DA SAUDE","CIDADE":"SAO PAULO","ESTADO":"SP","CEP":4149030.0,"LATITUDE":-23.6171973,"LONGITUDE":-46.6185362,"TELEFONE":"(11)55817159","SITE":"EXEMPLOLANCHONETEEBUFFETLUZDOSOL.COM","CNAE_DESCRICAO":"Bares e outros estabelecimentos especializados em servir bebidas sem entretenimento"},{"CNPJ":165752000102,"RAZAO_SOCIAL":"AS MENINAS RECREACAO INFANTIL COMERCIO DE DOCES LTDA","NOME_FANTASIA":"CRIANCA & CIA","RUA":"AVENIDA DOS TAJURAS","NUMERO":"49","COMPLEMENTO":null,"BAIRRO":"CIDADE JARDIM","CIDADE":"SAO PAULO","ESTADO":"SP","CEP":5670000.0,"LATITUDE":-23.6150559,"LONGITUDE":-45.3916312,"TELEFONE":"(11)56678994","SITE":"EXEMPLOCRIANCA&CIA.COM","CNAE_DESCRICAO":"Servi\u00e7os ambulantes de alimenta\u00e7\u00e3o"},{"CNPJ":21523000114,"RAZAO_SOCIAL":"BAR MERCEARIA KOROIVA SOUZA LTDA","NOME_FANTASIA":"Indispon\u00edvel","RUA":"RUA JAMAICA","NUMERO":"16","COMPLEMENTO":"      D","BAIRRO":"PARQUE DAS AMERICAS","CIDADE":"MAUA","ESTADO":"SP","CEP":9351180.0,"LATITUDE":-23.6867181,"LONGITUDE":-46.4482299,"TELEFONE":"(11)64694657","SITE":"EXEMPLOIndispon\u00edvel.COM","CNAE_DESCRICAO":"Lanchonetes casas de ch\u00e1 de sucos e similares"},{"CNPJ":5414000103,"RAZAO_SOCIAL":"RECANTO DO GREGO LANCHONETE LTDA","NOME_FANTASIA":"Indispon\u00edvel","RUA":"AVENIDA ALEXIOS JAFET","NUMERO":"1109","COMPLEMENTO":null,"BAIRRO":"JARAGUA","CIDADE":"SAO PAULO","ESTADO":"SP","CEP":5187010.0,"LATITUDE":-23.446592,"LONGITUDE":-46.736177516,"TELEFONE":"(11)6595","SITE":"EXEMPLOIndispon\u00edvel.COM","CNAE_DESCRICAO":"Bares e outros estabelecimentos especializados em servir bebidas sem entretenimento"},{"CNPJ":12511000123,"RAZAO_SOCIAL":"RESTAURANTE E PIZZARIA MARDAN EIRELI","NOME_FANTASIA":"Indispon\u00edvel","RUA":"RUA PIO XII","NUMERO":"378","COMPLEMENTO":null,"BAIRRO":"LIBERDADE","CIDADE":"SAO PAULO","ESTADO":"SP","CEP":1322030.0,"LATITUDE":-23.5666009,"LONGITUDE":-46.6318033648,"TELEFONE":"(11)674185","SITE":"EXEMPLOIndispon\u00edvel.COM","CNAE_DESCRICAO":"Bares e outros estabelecimentos especializados em servir bebidas com entretenimento"},{"CNPJ":130555000158,"RAZAO_SOCIAL":"INDOOR DISCO CLUB LTDA","NOME_FANTASIA":"MESON","RUA":"AVENIDA DOUTOR CARDOSO DE MELO","NUMERO":"840","COMPLEMENTO":null,"BAIRRO":"VILA OLIMPIA","CIDADE":"SAO PAULO","ESTADO":"SP","CEP":4548003.0,"LATITUDE":-24.097455,"LONGITUDE":-48.3610832,"TELEFONE":"(11)674356","SITE":"EXEMPLOMESON.COM","CNAE_DESCRICAO":"Lanchonetes casas de ch\u00e1 de sucos e similares"},{"CNPJ":9400000168,"RAZAO_SOCIAL":"EMPORIUM DO FREI COMERCIO E IMPORTACAO LTDA","NOME_FANTASIA":"CORISSANT D'OR","RUA":"RUA CAPITAO JOSE PARADA GONCALVES","NUMERO":"222","COMPLEMENTO":"E NUMERO 228","BAIRRO":"SANTANA","CIDADE":"SAO PAULO","ESTADO":"SP","CEP":2012080.0,"LATITUDE":-22.004508,"LONGITUDE":-50.3862746,"TELEFONE":"(11)69774658","SITE":"EXEMPLOCORISSANTD'OR.COM","CNAE_DESCRICAO":"Servi\u00e7os ambulantes de alimenta\u00e7\u00e3o"},{"CNPJ":10305000184,"RAZAO_SOCIAL":"ITAIM COMERCIO DE ALIMENTOS LTDA","NOME_FANTASIA":"Indispon\u00edvel","RUA":"ESTRADA KIZAEMON TAKEUTI","NUMERO":"1850","COMPLEMENTO":null,"BAIRRO":"JARDIM SUINA","CIDADE":"TABOAO DA SERRA","ESTADO":"SP","CEP":6775001.0,"LATITUDE":-23.64059705,"LONGITUDE":-46.7933938875,"TELEFONE":"(11)72594382","SITE":"EXEMPLOIndispon\u00edvel.COM","CNAE_DESCRICAO":"Bares e outros estabelecimentos especializados em servir bebidas com entretenimento"},{"CNPJ":228240000148,"RAZAO_SOCIAL":"ADEMIR BENEDITO PIRES","NOME_FANTASIA":"BARRACA DO ADEMIR","RUA":"RUA GASPAR PEREIRA","NUMERO":"244","COMPLEMENTO":null,"BAIRRO":"VILA PAULISTANIA","CIDADE":"SAO PAULO","ESTADO":"SP","CEP":3720120.0,"LATITUDE":-22.6103166,"LONGITUDE":-49.3265856,"TELEFONE":"(11)836785","SITE":"EXEMPLOBARRACADOADEMIR.COM","CNAE_DESCRICAO":"Servi\u00e7os ambulantes de alimenta\u00e7\u00e3o"},{"CNPJ":14622000179,"RAZAO_SOCIAL":"RESTAURANTE SUNSHINE SUSHI","NOME_FANTASIA":"SUNSHINE SUSHI","RUA":"RUA DOUTOR SERGIO GONCALVES CHADDAD","NUMERO":"154","COMPLEMENTO":null,"BAIRRO":"JARDIM GERMANIA","CIDADE":"SAO PAULO","ESTADO":"SP","CEP":5848040.0,"LATITUDE":-23.6572228,"LONGITUDE":-46.7592181,"TELEFONE":"(11)8480","SITE":"EXEMPLOSUNSHINESUSHI.COM","CNAE_DESCRICAO":"Bares e outros estabelecimentos especializados em servir bebidas com entretenimento"},{"CNPJ":2709447000160,"RAZAO_SOCIAL":"USO FREQUENTE BAR E ENTRETENIMENTO LTDA","NOME_FANTASIA":"BARILOCHE BOLICHE BAR","RUA":"RUA TIBURCIO DE SOUSA","NUMERO":"879","COMPLEMENTO":null,"BAIRRO":"ITAIM PAULISTA","CIDADE":"SAO PAULO","ESTADO":"SP","CEP":8140000.0,"LATITUDE":-23.5017648,"LONGITUDE":-46.3996091,"TELEFONE":"(11)85968634","SITE":"EXEMPLOBARILOCHEBOLICHEBAR.COM","CNAE_DESCRICAO":"Restaurantes e similares"},{"CNPJ":13327000106,"RAZAO_SOCIAL":"MERCADINHO COLINAS DA ANHANGUERA LTDA","NOME_FANTASIA":"Indispon\u00edvel","RUA":"RUA BENEDITO BELMONTE","NUMERO":"14","COMPLEMENTO":null,"BAIRRO":"COLINAS DA ANHANGUERA","CIDADE":"SANTANA DE PARNAIBA","ESTADO":"SP","CEP":6537140.0,"LATITUDE":-23.4307925,"LONGITUDE":-46.8271444,"TELEFONE":"(11)98299399","SITE":"EXEMPLOIndispon\u00edvel.COM","CNAE_DESCRICAO":"Lanchonetes casas de ch\u00e1 de sucos e similares"},{"CNPJ":7403000162,"RAZAO_SOCIAL":"PEDRO ROGERIO BELTRAME BRAGANCA","NOME_FANTASIA":"BAR DO PEDRAO","RUA":"RUA ANTONIO GIORDANO BUZATO","NUMERO":"11","COMPLEMENTO":null,"BAIRRO":"PARQUE BRASIL","CIDADE":"BRAGANCA PAULISTA","ESTADO":"SP","CEP":12900005.0,"LATITUDE":-22.9370637,"LONGITUDE":-46.5548847,"TELEFONE":"(11)98372818","SITE":"EXEMPLOBARDOPEDRAO.COM","CNAE_DESCRICAO":"Lanchonetes casas de ch\u00e1 de sucos e similares"},{"CNPJ":2293000146,"RAZAO_SOCIAL":"DARCI CHIOVETTO CRUZEIRO","NOME_FANTASIA":"CACHORRO MALUCO LANCHES","RUA":"PRACA NOVE DE JULHO","NUMERO":"700","COMPLEMENTO":"QUIOSQUE 06","BAIRRO":"CENTRO","CIDADE":"CRUZEIRO","ESTADO":"SP","CEP":12701000.0,"LATITUDE":-22.5741006,"LONGITUDE":-44.9611046,"TELEFONE":"(12)31433217","SITE":"EXEMPLOCACHORROMALUCOLANCHES.COM","CNAE_DESCRICAO":"Bares e outros estabelecimentos especializados em servir bebidas sem entretenimento"},{"CNPJ":956210000158,"RAZAO_SOCIAL":"JEFFERSON PAIVA LOPES CRUZEIRO","NOME_FANTASIA":"MERCEARIA DO JEFINHO","RUA":"RUA JOSE ALVES MIMOSO","NUMERO":"40","COMPLEMENTO":null,"BAIRRO":"VL NOVAES","CIDADE":"CRUZEIRO","ESTADO":"SP","CEP":12711630.0,"LATITUDE":null,"LONGITUDE":null,"TELEFONE":"(12)31447129","SITE":"EXEMPLOMERCEARIADOJEFINHO.COM","CNAE_DESCRICAO":"Restaurantes e similares"},{"CNPJ":12539000160,"RAZAO_SOCIAL":"VERA LUCIA RAMOS PAULO","NOME_FANTASIA":"Indispon\u00edvel","RUA":"RUA DOMINGOS ANTONIO FLORENZANO","NUMERO":"662","COMPLEMENTO":null,"BAIRRO":"JARDIM NOVA LORENA","CIDADE":"LORENA","ESTADO":"SP","CEP":12602370.0,"LATITUDE":null,"LONGITUDE":null,"TELEFONE":"(12)31525618","SITE":"EXEMPLOIndispon\u00edvel.COM","CNAE_DESCRICAO":"Lanchonetes casas de ch\u00e1 de sucos e similares"},{"CNPJ":13120000123,"RAZAO_SOCIAL":"DANIEL DE MEIRELLES","NOME_FANTASIA":"VILA GRILL","RUA":"RUA LEONARDO COSTA GONCALVES","NUMERO":"1014","COMPLEMENTO":null,"BAIRRO":"PARQUE MONTE VERDE","CIDADE":"ITAMONTE","ESTADO":"MG","CEP":37466000.0,"LATITUDE":null,"LONGITUDE":null,"TELEFONE":"(12)31526972","SITE":"EXEMPLOVILAGRILL.COM","CNAE_DESCRICAO":"Bares e outros estabelecimentos especializados em servir bebidas com entretenimento"},{"CNPJ":2004326000112,"RAZAO_SOCIAL":"CELESTE M.RIBEIRO TREMEMBE","NOME_FANTASIA":"RECANTO DO SOL","RUA":"AVENIDA LUIZ GONZAGA DAS NEVES","NUMERO":"2238","COMPLEMENTO":null,"BAIRRO":"CAMINHO NOVO","CIDADE":"TREMEMBE","ESTADO":"SP","CEP":12120000.0,"LATITUDE":null,"LONGITUDE":null,"TELEFONE":"(12)36723224","SITE":"EXEMPLORECANTODOSOL.COM","CNAE_DESCRICAO":"Restaurantes e similares"},{"CNPJ":18847000101,"RAZAO_SOCIAL":"LANCHONETE DA MANA DE UBATUBA LTDA","NOME_FANTASIA":"QUIOSQUE DA MANA","RUA":"RUA JOAO VITORIO","NUMERO":"10","COMPLEMENTO":null,"BAIRRO":"ENSEADA","CIDADE":"UBATUBA","ESTADO":"SP","CEP":11680000.0,"LATITUDE":-23.7257342,"LONGITUDE":-45.4211709,"TELEFONE":"(12)38324795","SITE":"EXEMPLOQUIOSQUEDAMANA.COM","CNAE_DESCRICAO":"Lanchonetes casas de ch\u00e1 de sucos e similares"},{"CNPJ":8527000162,"RAZAO_SOCIAL":"J REIS & MARQUES LTDA","NOME_FANTASIA":"Indispon\u00edvel","RUA":"AVENIDA SAO JERONIMO","NUMERO":"112","COMPLEMENTO":null,"BAIRRO":"JARDIM SAO JUDAS TADEU","CIDADE":"SAO JOSE DOS CAMPOS","ESTADO":"SP","CEP":12228350.0,"LATITUDE":null,"LONGITUDE":null,"TELEFONE":"(12)394413","SITE":"EXEMPLOIndispon\u00edvel.COM","CNAE_DESCRICAO":"Bares e outros estabelecimentos especializados em servir bebidas com entretenimento"},{"CNPJ":2018642000143,"RAZAO_SOCIAL":"SANTO COPO BAR E LANCHONETE LTDA","NOME_FANTASIA":"SANTO COPO BAR E PETISCARIA","RUA":"RUA EDMUNDO DE SOUZA","NUMERO":"400","COMPLEMENTO":null,"BAIRRO":"JARDIM AMERICA","CIDADE":"JACAREI","ESTADO":"SP","CEP":12322050.0,"LATITUDE":-23.3164259,"LONGITUDE":-45.9840069,"TELEFONE":"(12)39658787","SITE":"EXEMPLOSANTOCOPOBAREPETISCARIA.COM","CNAE_DESCRICAO":"Restaurantes e similares"},{"CNPJ":888000162,"RAZAO_SOCIAL":"ADOLFINA MARIA NOVAIS SCHMIDT","NOME_FANTASIA":"Indispon\u00edvel","RUA":"AVENIDA PRESIDENTE CASTELO BRANCO","NUMERO":"122","COMPLEMENTO":"LOJA  1","BAIRRO":"CANTO DO FORTE","CIDADE":"PRAIA GRANDE","ESTADO":"SP","CEP":11700800.0,"LATITUDE":-24.0110303,"LONGITUDE":-46.4000284,"TELEFONE":"(13)23","SITE":"EXEMPLOIndispon\u00edvel.COM","CNAE_DESCRICAO":"Bares e outros estabelecimentos especializados em servir bebidas sem entretenimento"},{"CNPJ":2509948000100,"RAZAO_SOCIAL":"C DE J DA S SILVARES","NOME_FANTASIA":"BAR E RESTAURANTE MANSAO 013","RUA":"RUA EUCLIDES DA CUNHA","NUMERO":"180","COMPLEMENTO":null,"BAIRRO":"POMPEIA","CIDADE":"SANTOS","ESTADO":"SP","CEP":11065101.0,"LATITUDE":-23.965353,"LONGITUDE":-46.3418349,"TELEFONE":"(13)32232297","SITE":"EXEMPLOBARERESTAURANTEMANSAO013.COM","CNAE_DESCRICAO":"Restaurantes e similares"},{"CNPJ":954000102,"RAZAO_SOCIAL":"MARIA CRISTINA TIBERIO CORREA","NOME_FANTASIA":"DELICIAS DO BURACO QUENTE","RUA":"RUA JOSE BONIFACIO","NUMERO":"381","COMPLEMENTO":"LOJA  07","BAIRRO":"CENTRO","CIDADE":"SAO VICENTE","ESTADO":"SP","CEP":11310080.0,"LATITUDE":-23.1728079,"LONGITUDE":-46.3859041,"TELEFONE":"(13)32893237","SITE":"EXEMPLODELICIASDOBURACOQUENTE.COM","CNAE_DESCRICAO":"Bares e outros estabelecimentos especializados em servir bebidas sem entretenimento"},{"CNPJ":1215000127,"RAZAO_SOCIAL":"KHALED HAJ MAHMOUD","NOME_FANTASIA":"FLOR DE LIZ VESTUARIO","RUA":"RUA GENERAL OTELO RODRIGUES FRANCO","NUMERO":"27","COMPLEMENTO":"CONJ  05                  ANDAR 1","BAIRRO":"CANTO DO FORTE","CIDADE":"PRAIA GRANDE","ESTADO":"SP","CEP":11700700.0,"LATITUDE":-24.0110303,"LONGITUDE":-46.4000284,"TELEFONE":"(13)338259","SITE":"EXEMPLOFLORDELIZVESTUARIO.COM","CNAE_DESCRICAO":"Bares e outros estabelecimentos especializados em servir bebidas sem entretenimento"},{"CNPJ":14573000174,"RAZAO_SOCIAL":"DEUSDETE EVANGELISTA DA SILVA","NOME_FANTASIA":"Indispon\u00edvel","RUA":"AVENIDA BEIRA MAR","NUMERO":"12696","COMPLEMENTO":null,"BAIRRO":"BALNEARIO SAO MARTINHO","CIDADE":"ILHA COMPRIDA","ESTADO":"SP","CEP":11925000.0,"LATITUDE":null,"LONGITUDE":null,"TELEFONE":"(13)384238","SITE":"EXEMPLOIndispon\u00edvel.COM","CNAE_DESCRICAO":"Bares e outros estabelecimentos especializados em servir bebidas com entretenimento"},{"CNPJ":4758000106,"RAZAO_SOCIAL":"JOSE GAMALIEL DE MORAES ME","NOME_FANTASIA":"BAR, MERCEARIA E POUSADA MORAES","RUA":"RUA EDWARD MANCIO","NUMERO":"149","COMPLEMENTO":null,"BAIRRO":"ITAPEUNA","CIDADE":"ELDORADO","ESTADO":"SP","CEP":11960000.0,"LATITUDE":-24.47818265,"LONGITUDE":-48.3097422524,"TELEFONE":"(13)38711312","SITE":"EXEMPLOBAR,MERCEARIAEPOUSADAMORAES.COM","CNAE_DESCRICAO":"Lanchonetes casas de ch\u00e1 de sucos e similares"},{"CNPJ":3643000199,"RAZAO_SOCIAL":"C. RODRIGUES & RODRIGUES LTDA","NOME_FANTASIA":"Indispon\u00edvel","RUA":"RUA EXPEDICIONARIO","NUMERO":"889","COMPLEMENTO":null,"BAIRRO":"CENTRO","CIDADE":"OURINHOS","ESTADO":"SP","CEP":19900041.0,"LATITUDE":-23.055352,"LONGITUDE":-49.6272469,"TELEFONE":"(14)332211","SITE":"EXEMPLOIndispon\u00edvel.COM","CNAE_DESCRICAO":"Bares e outros estabelecimentos especializados em servir bebidas sem entretenimento"},{"CNPJ":2578000187,"RAZAO_SOCIAL":"RUTH ALECIO DE PAULA LIMA","NOME_FANTASIA":"Indispon\u00edvel","RUA":"RUA QUATRO DE ABRIL","NUMERO":"387","COMPLEMENTO":"LOJA  12","BAIRRO":"CENTRO","CIDADE":"MARILIA","ESTADO":"SP","CEP":17500011.0,"LATITUDE":-22.6935117,"LONGITUDE":-49.4301513,"TELEFONE":"(14)34541121","SITE":"EXEMPLOIndispon\u00edvel.COM","CNAE_DESCRICAO":"Bares e outros estabelecimentos especializados em servir bebidas sem entretenimento"},{"CNPJ":977535000117,"RAZAO_SOCIAL":"MARIA IZABEL DE ARAUJO BASTOS","NOME_FANTASIA":"BAR II IRMAOS","RUA":"RUA 10 DE NOVEMBRO","NUMERO":"1257","COMPLEMENTO":"LETRA B","BAIRRO":"CENTRO","CIDADE":"BASTOS","ESTADO":"SP","CEP":17690000.0,"LATITUDE":-21.2759011,"LONGITUDE":-47.3159235,"TELEFONE":"(14)347824","SITE":"EXEMPLOBARIIIRMAOS.COM","CNAE_DESCRICAO":"Restaurantes e similares"},{"CNPJ":12291000138,"RAZAO_SOCIAL":"LUIS CLAUDIO NICOLETI BASTOS","NOME_FANTASIA":"BAR E MERCEARIA NICOLETI","RUA":"RUA VALDEVINO FERNANDES","NUMERO":"380","COMPLEMENTO":null,"BAIRRO":"VILA ITATIAIA","CIDADE":"BASTOS","ESTADO":"SP","CEP":17690000.0,"LATITUDE":null,"LONGITUDE":null,"TELEFONE":"(14)34782449","SITE":"EXEMPLOBAREMERCEARIANICOLETI.COM","CNAE_DESCRICAO":"Lanchonetes casas de ch\u00e1 de sucos e similares"},{"CNPJ":6090000128,"RAZAO_SOCIAL":"J ELIAS CONCHAS","NOME_FANTASIA":"Indispon\u00edvel","RUA":"RUA SAO PAULO","NUMERO":"213","COMPLEMENTO":null,"BAIRRO":"CENTRO","CIDADE":"CONCHAS","ESTADO":"SP","CEP":18570000.0,"LATITUDE":-23.01246,"LONGITUDE":-48.0082476,"TELEFONE":"(14)8551535","SITE":"EXEMPLOIndispon\u00edvel.COM","CNAE_DESCRICAO":"Lanchonetes casas de ch\u00e1 de sucos e similares"},{"CNPJ":9143000164,"RAZAO_SOCIAL":"JOSE CARLOS MENDONCA-MERCEARIA","NOME_FANTASIA":"Indispon\u00edvel","RUA":"AVENIDA FABIANO PEREIRA SILVA","NUMERO":"472","COMPLEMENTO":null,"BAIRRO":"VILA FABIANO","CIDADE":"SANTA CRUZ DO RIO PARDO","ESTADO":"SP","CEP":18913052.0,"LATITUDE":null,"LONGITUDE":null,"TELEFONE":"(14)966848","SITE":"EXEMPLOIndispon\u00edvel.COM","CNAE_DESCRICAO":"Lanchonetes casas de ch\u00e1 de sucos e similares"},{"CNPJ":1760553000296,"RAZAO_SOCIAL":"GAIQUER & FERREIRA LTDA","NOME_FANTASIA":"Indispon\u00edvel","RUA":"RUA DO EXPEDICIONARIO","NUMERO":"1145","COMPLEMENTO":null,"BAIRRO":"CENTRO","CIDADE":"OURINHOS","ESTADO":"SP","CEP":19900041.0,"LATITUDE":-23.055352,"LONGITUDE":-49.6272469,"TELEFONE":"(14)97961718","SITE":"EXEMPLOIndispon\u00edvel.COM","CNAE_DESCRICAO":"Restaurantes e similares"},{"CNPJ":5099000114,"RAZAO_SOCIAL":"SOLANGE DELFINA DE JESUS LOPES","NOME_FANTASIA":"PIZZARIA DO JOAO","RUA":"RUA ORDALIA BENEDITA DE SOUZA","NUMERO":"16","COMPLEMENTO":null,"BAIRRO":"JARDIM JOSANE","CIDADE":"SOROCABA","ESTADO":"SP","CEP":18087320.0,"LATITUDE":-23.4507487,"LONGITUDE":-47.371611,"TELEFONE":"(15)32251911","SITE":"EXEMPLOPIZZARIADOJOAO.COM","CNAE_DESCRICAO":"Bares e outros estabelecimentos especializados em servir bebidas com entretenimento"},{"CNPJ":3379000193,"RAZAO_SOCIAL":"MARIA TEREZA LAGES DE MORAIS","NOME_FANTASIA":"Indispon\u00edvel","RUA":"RUA JOAO MARIANO  RIBAS","NUMERO":"1269","COMPLEMENTO":"X-X-X-X","BAIRRO":"CENTRO","CIDADE":"ITARARE","ESTADO":"SP","CEP":18460000.0,"LATITUDE":-24.1096946,"LONGITUDE":-49.3279661,"TELEFONE":"(15)97605","SITE":"EXEMPLOIndispon\u00edvel.COM","CNAE_DESCRICAO":"Bares e outros estabelecimentos especializados em servir bebidas sem entretenimento"},{"CNPJ":20797000199,"RAZAO_SOCIAL":"GILBERTO PEREIRA NOGUEIRA LTDA","NOME_FANTASIA":"Indispon\u00edvel","RUA":"AVENIDA DOUTOR ADHEMAR PEREIRA DE BARROS","NUMERO":"538","COMPLEMENTO":null,"BAIRRO":"VILA SUCONASA","CIDADE":"ARARAQUARA","ESTADO":"SP","CEP":14807040.0,"LATITUDE":null,"LONGITUDE":null,"TELEFONE":"(16)33322388","SITE":"EXEMPLOIndispon\u00edvel.COM","CNAE_DESCRICAO":"Lanchonetes casas de ch\u00e1 de sucos e similares"},{"CNPJ":12764000105,"RAZAO_SOCIAL":"PRIMATAS BEER RESTAURANTE LTDA","NOME_FANTASIA":"PRIMATAS BEER","RUA":"RUA TOTO LEITE","NUMERO":"543","COMPLEMENTO":"      A","BAIRRO":"JARDIM RICETTI","CIDADE":"SAO CARLOS","ESTADO":"SP","CEP":13570010.0,"LATITUDE":-22.027837,"LONGITUDE":-47.8788474,"TELEFONE":"(16)34126987","SITE":"EXEMPLOPRIMATASBEER.COM","CNAE_DESCRICAO":"Lanchonetes casas de ch\u00e1 de sucos e similares"},{"CNPJ":15069000199,"RAZAO_SOCIAL":"ATEMIR ALBA MAZAROSKI RIBEIRAO PRETO","NOME_FANTASIA":"BAR DO PEIXE","RUA":"RUA ORLANDIA","NUMERO":"1123","COMPLEMENTO":null,"BAIRRO":"JARDIM PAULISTA","CIDADE":"RIBEIRAO PRETO","ESTADO":"SP","CEP":14090240.0,"LATITUDE":-21.1807797,"LONGITUDE":-47.7942687,"TELEFONE":"(16)344632","SITE":"EXEMPLOBARDOPEIXE.COM","CNAE_DESCRICAO":"Bares e outros estabelecimentos especializados em servir bebidas com entretenimento"},{"CNPJ":28554000105,"RAZAO_SOCIAL":"BAR DA CELINA LTDA","NOME_FANTASIA":"BAR DA CELINA","RUA":"RUA JOSE AISSUM","NUMERO":"125","COMPLEMENTO":null,"BAIRRO":"PARQUE DOS BANDEIRANTES","CIDADE":"RIBEIRAO PRETO","ESTADO":"SP","CEP":14090370.0,"LATITUDE":-21.13903235,"LONGITUDE":-47.9749058011,"TELEFONE":"(16)367191","SITE":"EXEMPLOBARDACELINA.COM","CNAE_DESCRICAO":"Lanchonetes casas de ch\u00e1 de sucos e similares"},{"CNPJ":5838000178,"RAZAO_SOCIAL":"JOSE ANTONIO FERNANDES - DOCES","NOME_FANTASIA":"Indispon\u00edvel","RUA":"TRAVESSA SAO MATHEUS","NUMERO":"113","COMPLEMENTO":null,"BAIRRO":"SUMAREZINHO","CIDADE":"RIBEIRAO PRETO","ESTADO":"SP","CEP":14055564.0,"LATITUDE":-21.1632261,"LONGITUDE":-47.826194,"TELEFONE":"(16)39612889","SITE":"EXEMPLOIndispon\u00edvel.COM","CNAE_DESCRICAO":"Servi\u00e7os ambulantes de alimenta\u00e7\u00e3o"},{"CNPJ":3273000190,"RAZAO_SOCIAL":"SILVIA HELENA RIGONI DO PRADO SANTOS","NOME_FANTASIA":"BAR DO FELIZ","RUA":"RUA JOSE GUADENCIO DE OLIVEIRA","NUMERO":"215","COMPLEMENTO":null,"BAIRRO":"JDM PAIVA I","CIDADE":"RIBEIRAO PRETO","ESTADO":"SP","CEP":14056840.0,"LATITUDE":null,"LONGITUDE":null,"TELEFONE":"(16)39662226","SITE":"EXEMPLOBARDOFELIZ.COM","CNAE_DESCRICAO":"Bares e outros estabelecimentos especializados em servir bebidas sem entretenimento"},{"CNPJ":9475000149,"RAZAO_SOCIAL":"RONALDO BRUNATO","NOME_FANTASIA":"Indispon\u00edvel","RUA":"RUA AMADOR BUENO","NUMERO":"574","COMPLEMENTO":null,"BAIRRO":"CENTRO","CIDADE":"RIBEIRAO PRETO","ESTADO":"SP","CEP":14010070.0,"LATITUDE":-21.1780948,"LONGITUDE":-47.8093737,"TELEFONE":"(16)62757","SITE":"EXEMPLOIndispon\u00edvel.COM","CNAE_DESCRICAO":"Bares e outros estabelecimentos especializados em servir bebidas com entretenimento"},{"CNPJ":201743000120,"RAZAO_SOCIAL":"ANTONIO FALEIROS PEREIRA JUNIOR FRANCA","NOME_FANTASIA":"Indispon\u00edvel","RUA":"AVENIDA DR. HELIO PALERMO","NUMERO":"2637","COMPLEMENTO":null,"BAIRRO":"CENTRO","CIDADE":"FRANCA","ESTADO":"SP","CEP":14405130.0,"LATITUDE":-20.488751,"LONGITUDE":-47.4062780263,"TELEFONE":"(16)7227328","SITE":"EXEMPLOIndispon\u00edvel.COM","CNAE_DESCRICAO":"Servi\u00e7os ambulantes de alimenta\u00e7\u00e3o"},{"CNPJ":2010574000176,"RAZAO_SOCIAL":"JOSE THOMAS DE CARVALHO","NOME_FANTASIA":"CENTRO ETILICO CULTURAL GASTRONOMICO","RUA":"AVENIDA CALIL JOSE DIB","NUMERO":"140","COMPLEMENTO":null,"BAIRRO":"VILA SARGI","CIDADE":"TAQUARITINGA","ESTADO":"SP","CEP":15901030.0,"LATITUDE":null,"LONGITUDE":null,"TELEFONE":"(16)893113","SITE":"EXEMPLOCENTROETILICOCULTURALGASTRONOMICO.COM","CNAE_DESCRICAO":"Restaurantes e similares"},{"CNPJ":25907000105,"RAZAO_SOCIAL":"MARAILTO GONCALVES PEDROSO","NOME_FANTASIA":"PANCETA'S BAR - PETISCARIA E LANCHONETE","RUA":"RUA ANITA GARIBALDI","NUMERO":"1.344","COMPLEMENTO":null,"BAIRRO":"CAMPOS ELISEOS","CIDADE":"RIBEIRAO PRETO","ESTADO":"SP","CEP":14085480.0,"LATITUDE":-21.1577178,"LONGITUDE":-47.7985526,"TELEFONE":"(16)92668277","SITE":"EXEMPLOPANCETA'SBAR-PETISCARIAELANCHONETE.COM","CNAE_DESCRICAO":"Lanchonetes casas de ch\u00e1 de sucos e similares"},{"CNPJ":1966828000161,"RAZAO_SOCIAL":"JOSE MANDU DE MELO ARARAQUARA","NOME_FANTASIA":"BAR E LANCHONETE 2001","RUA":"AVENIDA CYRO CARNEIRO JUNQUEIRA","NUMERO":"113","COMPLEMENTO":"SETOR 4","BAIRRO":"SELMI DEI","CIDADE":"ARARAQUARA","ESTADO":"SP","CEP":14806364.0,"LATITUDE":-21.7412603,"LONGITUDE":-48.1521961,"TELEFONE":"(16)96276483","SITE":"EXEMPLOBARELANCHONETE2001.COM","CNAE_DESCRICAO":"Restaurantes e similares"},{"CNPJ":2421327000162,"RAZAO_SOCIAL":"GONZAGA E SOUZA LTDA","NOME_FANTASIA":"Indispon\u00edvel","RUA":"AVENIDA GUERINO ABRAMO PAPPA","NUMERO":"550","COMPLEMENTO":null,"BAIRRO":"SAO ROQUE","CIDADE":"JABOTICABAL","ESTADO":"SP","CEP":14871250.0,"LATITUDE":-21.2750547,"LONGITUDE":-48.3336438178,"TELEFONE":"(16)97856221","SITE":"EXEMPLOIndispon\u00edvel.COM","CNAE_DESCRICAO":"Restaurantes e similares"},{"CNPJ":5370000111,"RAZAO_SOCIAL":"RESTAURANTE O CASARAO DE BARRETOS LTDA","NOME_FANTASIA":"RESTAURANTE O CASARAO","RUA":"RUA 6","NUMERO":"855","COMPLEMENTO":null,"BAIRRO":"CENTRO","CIDADE":"BARRETOS","ESTADO":"SP","CEP":14780010.0,"LATITUDE":-20.5576871,"LONGITUDE":-48.56894,"TELEFONE":"(17)332202","SITE":"EXEMPLORESTAURANTEOCASARAO.COM","CNAE_DESCRICAO":"Bares e outros estabelecimentos especializados em servir bebidas com entretenimento"},{"CNPJ":130391000169,"RAZAO_SOCIAL":"MARLI NOGUEIRA VICOZO CARVALHO","NOME_FANTASIA":"Indispon\u00edvel","RUA":"RUA PROGRESSO","NUMERO":"96","COMPLEMENTO":null,"BAIRRO":"COESTER","CIDADE":"FERNANDOPOLIS","ESTADO":"SP","CEP":15600001.0,"LATITUDE":-20.2838125,"LONGITUDE":-50.2427852,"TELEFONE":"(17)34623765","SITE":"EXEMPLOIndispon\u00edvel.COM","CNAE_DESCRICAO":"Servi\u00e7os ambulantes de alimenta\u00e7\u00e3o"},{"CNPJ":17767000123,"RAZAO_SOCIAL":"GETULIO CARRETEIRO BAR","NOME_FANTASIA":"BAR DO GETULIO","RUA":"AVENIDA SANTA TEREZINHA","NUMERO":"1735","COMPLEMENTO":null,"BAIRRO":"JARDIM PROGRESSO","CIDADE":"MAGDA","ESTADO":"SP","CEP":15310000.0,"LATITUDE":null,"LONGITUDE":null,"TELEFONE":"(17)38323249","SITE":"EXEMPLOBARDOGETULIO.COM","CNAE_DESCRICAO":"Lanchonetes casas de ch\u00e1 de sucos e similares"},{"CNPJ":224963000179,"RAZAO_SOCIAL":"ANTONIO MARCO BOSSOLANI","NOME_FANTASIA":"BAR SAO JOSE","RUA":"RUA LAZARO DA SILVA BRUNO","NUMERO":"322","COMPLEMENTO":null,"BAIRRO":"SERRINHA","CIDADE":"TABAPUA","ESTADO":"SP","CEP":15880000.0,"LATITUDE":-20.9053438,"LONGITUDE":-48.96276,"TELEFONE":"(17)97831283","SITE":"EXEMPLOBARSAOJOSE.COM","CNAE_DESCRICAO":"Restaurantes e similares"},{"CNPJ":2434251000100,"RAZAO_SOCIAL":"JOSE PEREIRA DA SILVA LUTECIA","NOME_FANTASIA":"BAR DO REINO UNIDO","RUA":"RUA XAVIER DE VASCONCELOS","NUMERO":"97","COMPLEMENTO":null,"BAIRRO":"VILA MARIALVES","CIDADE":"ASSIS","ESTADO":"SP","CEP":19804600.0,"LATITUDE":-22.6720723,"LONGITUDE":-50.4408956,"TELEFONE":"(18)33681522","SITE":"EXEMPLOBARDOREINOUNIDO.COM","CNAE_DESCRICAO":"Restaurantes e similares"},{"CNPJ":30040000186,"RAZAO_SOCIAL":"J.ANDRE F. BARBOSA","NOME_FANTASIA":"ZAO EVENTOS","RUA":"AVENIDA JOAO LEME","NUMERO":"477","COMPLEMENTO":null,"BAIRRO":"CENTRO","CIDADE":"PANORAMA","ESTADO":"SP","CEP":17980000.0,"LATITUDE":-22.99022085,"LONGITUDE":-46.990833446,"TELEFONE":"(18)387116","SITE":"EXEMPLOZAOEVENTOS.COM","CNAE_DESCRICAO":"Lanchonetes casas de ch\u00e1 de sucos e similares"},{"CNPJ":2284796000187,"RAZAO_SOCIAL":"ANTONIO JOSE LOURENCO DA SILVA","NOME_FANTASIA":"BAR E MERCEARIA DO ANTONIO","RUA":"AVENIDA ALVARO COELHO","NUMERO":"457","COMPLEMENTO":null,"BAIRRO":"CENTRO","CIDADE":"MARABA PAULISTA","ESTADO":"SP","CEP":19430000.0,"LATITUDE":-23.57672885,"LONGITUDE":-48.0248397722,"TELEFONE":"(18)39911145","SITE":"EXEMPLOBAREMERCEARIADOANTONIO.COM","CNAE_DESCRICAO":"Restaurantes e similares"},{"CNPJ":1730457000114,"RAZAO_SOCIAL":"APARECIDA DALVA BRAZOLOTO","NOME_FANTASIA":"BAR DONA DALVA","RUA":"RUA BARTOLOMEU BUENO","NUMERO":"30","COMPLEMENTO":null,"BAIRRO":"JARDIM ALVORADA","CIDADE":"OSVALDO CRUZ","ESTADO":"SP","CEP":17700000.0,"LATITUDE":null,"LONGITUDE":null,"TELEFONE":"(18)916464","SITE":"EXEMPLOBARDONADALVA.COM","CNAE_DESCRICAO":"Restaurantes e similares"},{"CNPJ":918544000137,"RAZAO_SOCIAL":"LUIS ANTONIO DUARTE PANORAMA","NOME_FANTASIA":"PRONTO SOCORRO DA CERVEJA II","RUA":"RUA DOMINGOS CHIARARIA","NUMERO":"2575","COMPLEMENTO":"CASA  1","BAIRRO":"MARRECAS","CIDADE":"PANORAMA","ESTADO":"SP","CEP":17980000.0,"LATITUDE":-21.3529337,"LONGITUDE":-51.8485803,"TELEFONE":"(18)924732","SITE":"EXEMPLOPRONTOSOCORRODACERVEJAII.COM","CNAE_DESCRICAO":"Restaurantes e similares"},{"CNPJ":2635156000174,"RAZAO_SOCIAL":"R S BERNARDES TARUMA","NOME_FANTASIA":"Indispon\u00edvel","RUA":"RUA AGUA MARINHA","NUMERO":"203","COMPLEMENTO":"CASA","BAIRRO":"VILA CRISTAL","CIDADE":"TARUMA","ESTADO":"SP","CEP":19820000.0,"LATITUDE":null,"LONGITUDE":null,"TELEFONE":"(18)962548","SITE":"EXEMPLOIndispon\u00edvel.COM","CNAE_DESCRICAO":"Restaurantes e similares"},{"CNPJ":2687000102,"RAZAO_SOCIAL":"TABERNA COUNTRY LANCHONETE EIRELI","NOME_FANTASIA":"BELL PAO","RUA":"AVENIDA HERMINIA DE ANDRADE COUTO E SILVA","NUMERO":"7","COMPLEMENTO":"      105","BAIRRO":"PARQUE SAO QUIRINO","CIDADE":"CAMPINAS","ESTADO":"SP","CEP":13088340.0,"LATITUDE":-22.86681355,"LONGITUDE":-47.0342746398,"TELEFONE":"(19)323764","SITE":"EXEMPLOBELLPAO.COM","CNAE_DESCRICAO":"Bares e outros estabelecimentos especializados em servir bebidas sem entretenimento"},{"CNPJ":12093000174,"RAZAO_SOCIAL":"JLC COMERCIO DE ALIMENTOS LTDA","NOME_FANTASIA":"Indispon\u00edvel","RUA":"AVENIDA CORONEL SILVA TELES","NUMERO":"407","COMPLEMENTO":null,"BAIRRO":"CAMBUI","CIDADE":"CAMPINAS","ESTADO":"SP","CEP":13024000.0,"LATITUDE":-22.892222,"LONGITUDE":-47.049722,"TELEFONE":"(19)32515522","SITE":"EXEMPLOIndispon\u00edvel.COM","CNAE_DESCRICAO":"Bares e outros estabelecimentos especializados em servir bebidas com entretenimento"},{"CNPJ":280890000132,"RAZAO_SOCIAL":"GEORGETTI & GONCALVES SERVICOS DE ALIMENTACAO LTDA.","NOME_FANTASIA":"LANCONETE FRANSUE","RUA":"RUA MINAS GERAIS","NUMERO":"55","COMPLEMENTO":null,"BAIRRO":"VILA ESTEVES","CIDADE":"LIMEIRA","ESTADO":"SP","CEP":13480631.0,"LATITUDE":-22.5739428,"LONGITUDE":-47.4087716,"TELEFONE":"(19)34511658","SITE":"EXEMPLOLANCONETEFRANSUE.COM","CNAE_DESCRICAO":"Servi\u00e7os ambulantes de alimenta\u00e7\u00e3o"},{"CNPJ":16052000156,"RAZAO_SOCIAL":"ILDA MARIA ONGARATTO JUNQUEIRA","NOME_FANTASIA":"Indispon\u00edvel","RUA":"AVENIDA 2","NUMERO":"64","COMPLEMENTO":null,"BAIRRO":"CHACARAS REUNIDAS ANHANGUERA","CIDADE":"NOVA ODESSA","ESTADO":"SP","CEP":13380001.0,"LATITUDE":null,"LONGITUDE":null,"TELEFONE":"(19)34615972","SITE":"EXEMPLOIndispon\u00edvel.COM","CNAE_DESCRICAO":"Bares e outros estabelecimentos especializados em servir bebidas com entretenimento"},{"CNPJ":910090000158,"RAZAO_SOCIAL":"MARIA APARECIDA S COMBINATO CASA BRANCA","NOME_FANTASIA":"JULIANO LANCHES, PIZZAS E PORCOES","RUA":"RUA LUIZ PIZA","NUMERO":"787","COMPLEMENTO":"LOJA","BAIRRO":"CENTRO","CIDADE":"CASA BRANCA","ESTADO":"SP","CEP":13700000.0,"LATITUDE":-22.8741861,"LONGITUDE":-48.4481198911,"TELEFONE":"(19)36716547","SITE":"EXEMPLOJULIANOLANCHES,PIZZASEPORCOES.COM","CNAE_DESCRICAO":"Restaurantes e similares"},{"CNPJ":10939000137,"RAZAO_SOCIAL":"ANTONIO P. COELHO","NOME_FANTASIA":"Indispon\u00edvel","RUA":"RUA DR. MOACIR DO AMARAL","NUMERO":"161","COMPLEMENTO":null,"BAIRRO":"JARDIM BELA VISTA","CIDADE":"COSMOPOLIS","ESTADO":"SP","CEP":13150001.0,"LATITUDE":null,"LONGITUDE":null,"TELEFONE":"(19)387210","SITE":"EXEMPLOIndispon\u00edvel.COM","CNAE_DESCRICAO":"Servi\u00e7os ambulantes de alimenta\u00e7\u00e3o"},{"CNPJ":2038654000130,"RAZAO_SOCIAL":"BAR DO ZEZINHO VALINHOS LTDA","NOME_FANTASIA":"BAR DO ZEZINHO","RUA":"RUA DOS MANACAS","NUMERO":"384","COMPLEMENTO":null,"BAIRRO":"JARDIM VITORIA REGIAS","CIDADE":"VALINHOS","ESTADO":"SP","CEP":13273030.0,"LATITUDE":null,"LONGITUDE":null,"TELEFONE":"(19)387238","SITE":"EXEMPLOBARDOZEZINHO.COM","CNAE_DESCRICAO":"Restaurantes e similares"},{"CNPJ":199685000147,"RAZAO_SOCIAL":"ROSILENE GASPARINI LIMA","NOME_FANTASIA":"Indispon\u00edvel","RUA":"RUA ANA PEREIRA EICHEMBERG","NUMERO":"55","COMPLEMENTO":null,"BAIRRO":"PARQUE ROSA SILVA","CIDADE":"SUMARE","ESTADO":"SP","CEP":13173220.0,"LATITUDE":-22.80007,"LONGITUDE":-47.2785125,"TELEFONE":"(19)387371","SITE":"EXEMPLOIndispon\u00edvel.COM","CNAE_DESCRICAO":"Servi\u00e7os ambulantes de alimenta\u00e7\u00e3o"},{"CNPJ":9276000130,"RAZAO_SOCIAL":"MARILDA APARECIDA MORAES MELLO BERNARDI","NOME_FANTASIA":"CONFECCOES BRUVITHA","RUA":"RUA JOSE DE FREITAS","NUMERO":"34","COMPLEMENTO":"      SALA B","BAIRRO":"CENTRO","CIDADE":"LINDOIA","ESTADO":"SP","CEP":13950000.0,"LATITUDE":-22.5229142,"LONGITUDE":-46.6495984,"TELEFONE":"(19)38981399","SITE":"EXEMPLOCONFECCOESBRUVITHA.COM","CNAE_DESCRICAO":"Bares e outros estabelecimentos especializados em servir bebidas com entretenimento"},{"CNPJ":3824000115,"RAZAO_SOCIAL":"PIZZARIA MIKELLY DE AMERICANA LTDA","NOME_FANTASIA":"PIZZARIA MIKELLY","RUA":"AVENIDA CAMPOS SALLES","NUMERO":"1680","COMPLEMENTO":null,"BAIRRO":"VILA LOURICILDA","CIDADE":"AMERICANA","ESTADO":"SP","CEP":13465590.0,"LATITUDE":null,"LONGITUDE":null,"TELEFONE":"(19)46210","SITE":"EXEMPLOPIZZARIAMIKELLY.COM","CNAE_DESCRICAO":"Bares e outros estabelecimentos especializados em servir bebidas com entretenimento"},{"CNPJ":361144000173,"RAZAO_SOCIAL":"ERMITA DOS SANTOS 17558461855","NOME_FANTASIA":"BAR RAIMUNDINHO","RUA":"RUA MATEUS CICCONE","NUMERO":"79","COMPLEMENTO":null,"BAIRRO":"JD BRASIL","CIDADE":"SANTA CRUZ DAS PALMEIRAS","ESTADO":"SP","CEP":13650000.0,"LATITUDE":null,"LONGITUDE":null,"TELEFONE":"(19)9256","SITE":"EXEMPLOBARRAIMUNDINHO.COM","CNAE_DESCRICAO":"Restaurantes e similares"},{"CNPJ":144483000106,"RAZAO_SOCIAL":"ANTONIO CARLOS ALVES AMERICANA","NOME_FANTASIA":"Indispon\u00edvel","RUA":"RUA DOS GIRASSOIS","NUMERO":"298","COMPLEMENTO":null,"BAIRRO":"CIDADE JARDIM II","CIDADE":"AMERICANA","ESTADO":"SP","CEP":13467130.0,"LATITUDE":-22.7625036,"LONGITUDE":-47.3366492,"TELEFONE":"(19)95313828","SITE":"EXEMPLOIndispon\u00edvel.COM","CNAE_DESCRICAO":"Servi\u00e7os ambulantes de alimenta\u00e7\u00e3o"},{"CNPJ":262324000106,"RAZAO_SOCIAL":"FERNANDO R BRANDAO","NOME_FANTASIA":"BALA NA BOCA DISTRIBUIDORA DE DOCES","RUA":"RUA JACINTA ROSA DE SAO JOSE","NUMERO":"250","COMPLEMENTO":null,"BAIRRO":"PARQUE INDUSTRIAL","CIDADE":"CAMPINAS","ESTADO":"SP","CEP":13031670.0,"LATITUDE":-21.842641,"LONGITUDE":-46.9066336,"TELEFONE":"(19)96373299","SITE":"EXEMPLOBALANABOCADISTRIBUIDORADEDOCES.COM","CNAE_DESCRICAO":"Servi\u00e7os ambulantes de alimenta\u00e7\u00e3o"},{"CNPJ":180049000173,"RAZAO_SOCIAL":"HORTIFFREE COMERCIO DE ALIMENTOS LTDA","NOME_FANTASIA":"Indispon\u00edvel","RUA":"RUA LEANDRO MARTINS","NUMERO":"59","COMPLEMENTO":null,"BAIRRO":"CENTRO","CIDADE":"RIO DE JANEIRO","ESTADO":"RJ","CEP":20080070.0,"LATITUDE":-22.9043934,"LONGITUDE":-43.1830653,"TELEFONE":"(21)222772","SITE":"EXEMPLOIndispon\u00edvel.COM","CNAE_DESCRICAO":"Servi\u00e7os ambulantes de alimenta\u00e7\u00e3o"},{"CNPJ":2589061000161,"RAZAO_SOCIAL":"ALLEATO GRILL LTDA","NOME_FANTASIA":"Indispon\u00edvel","RUA":"RUA JOSE LOURENCO AZEVEDO","NUMERO":"181","COMPLEMENTO":null,"BAIRRO":"ROCHA","CIDADE":"SAO GONCALO","ESTADO":"RJ","CEP":24421300.0,"LATITUDE":-22.8331,"LONGITUDE":-43.0415,"TELEFONE":"(21)2334","SITE":"EXEMPLOIndispon\u00edvel.COM","CNAE_DESCRICAO":"Restaurantes e similares"},{"CNPJ":91870000113,"RAZAO_SOCIAL":"DON TUKA BAR E LANCHONETE EIRELI","NOME_FANTASIA":"LORO S AE","RUA":"ESTRADA GUANDU DO SAPE","NUMERO":"25","COMPLEMENTO":"LOJA  A,B,C,D","BAIRRO":"CAMPO GRANDE","CIDADE":"RIO DE JANEIRO","ESTADO":"RJ","CEP":23090032.0,"LATITUDE":-22.902953,"LONGITUDE":-43.5591295,"TELEFONE":"(21)24153129","SITE":"EXEMPLOLOROSAE.COM","CNAE_DESCRICAO":"Lanchonetes casas de ch\u00e1 de sucos e similares"},{"CNPJ":176136000157,"RAZAO_SOCIAL":"PRA LA DE BAGDA DOCES E SALGADOS LTDA","NOME_FANTASIA":"ARAB","RUA":"AVENIDA BORGES DE MEDEIROS","NUMERO":"S\/N","COMPLEMENTO":"QUIOSQ9-PARQUE DOS PATINS","BAIRRO":"LAGOA","CIDADE":"RIO DE JANEIRO","ESTADO":"RJ","CEP":22430042.0,"LATITUDE":-22.9624658,"LONGITUDE":-43.2024884,"TELEFONE":"(21)250747","SITE":"EXEMPLOARAB.COM","CNAE_DESCRICAO":"Servi\u00e7os ambulantes de alimenta\u00e7\u00e3o"},{"CNPJ":1436319000550,"RAZAO_SOCIAL":"NOVA RIOTEL EMPREENDIMENTOS HOTELEIROS LTDA","NOME_FANTASIA":"TROPIK","RUA":"AVENIDA ATLANTICA","NUMERO":"00","COMPLEMENTO":"      QC 47 E QC 48 E\/F         AV RAINHA ELIZABETH       DA BELGICA","BAIRRO":"COPACABANA","CIDADE":"RIO DE JANEIRO","ESTADO":"RJ","CEP":22070002.0,"LATITUDE":-22.971974,"LONGITUDE":-43.1842997,"TELEFONE":"(21)25251232","SITE":"EXEMPLOTROPIK.COM","CNAE_DESCRICAO":"Restaurantes e similares"},{"CNPJ":2728524000129,"RAZAO_SOCIAL":"J. C. SANTOS DE AZEVEDO ACOUGUE AVIARIO E MERCEARIA","NOME_FANTASIA":"Indispon\u00edvel","RUA":"AVENIDA SIMAO DA MOTTA","NUMERO":"347","COMPLEMENTO":"LOJA B","BAIRRO":"CENTRO","CIDADE":"MAGE","ESTADO":"RJ","CEP":25900001.0,"LATITUDE":-22.65392095,"LONGITUDE":-43.0371324202,"TELEFONE":"(21)26332484","SITE":"EXEMPLOIndispon\u00edvel.COM","CNAE_DESCRICAO":"Restaurantes e similares"},{"CNPJ":59904000192,"RAZAO_SOCIAL":"BAR E MERCEARIA COSTA RICA LTDA","NOME_FANTASIA":"COSTA RICA BEBIDAS","RUA":"AVENIDA CESARIO DE MELO","NUMERO":"13058","COMPLEMENTO":"      RUA VINTE E UM N 136      LOJA A","BAIRRO":"SANTA CRUZ","CIDADE":"RIO DE JANEIRO","ESTADO":"RJ","CEP":23590060.0,"LATITUDE":-22.9176248,"LONGITUDE":-43.6834907,"TELEFONE":"(21)33951552","SITE":"EXEMPLOCOSTARICABEBIDAS.COM","CNAE_DESCRICAO":"Lanchonetes casas de ch\u00e1 de sucos e similares"},{"CNPJ":783038000188,"RAZAO_SOCIAL":"MATRIARCA COMERCIO DE ALIMENTOS LTDA","NOME_FANTASIA":"QUIOSQUE PIRATAS","RUA":"AVENIDA LUCIO COSTA","NUMERO":"00","COMPLEMENTO":"      ILHA 22 QUIOSQUE          44A","BAIRRO":"BARRA DA TIJUCA","CIDADE":"RIO DE JANEIRO","ESTADO":"RJ","CEP":22795006.0,"LATITUDE":-22.9997404,"LONGITUDE":-43.3659929,"TELEFONE":"(21)76717454","SITE":"EXEMPLOQUIOSQUEPIRATAS.COM","CNAE_DESCRICAO":"Restaurantes e similares"},{"CNPJ":96865000101,"RAZAO_SOCIAL":"JOSE ANTONIO DE SOUZA RESENDE","NOME_FANTASIA":"COQUE PIT","RUA":"RUA VISCONDE DO CAIRU","NUMERO":"356","COMPLEMENTO":null,"BAIRRO":"GUARANI","CIDADE":"CABO FRIO","ESTADO":"RJ","CEP":28909310.0,"LATITUDE":-22.8980864,"LONGITUDE":-42.0479494041,"TELEFONE":"(22)26441257","SITE":"EXEMPLOCOQUEPIT.COM","CNAE_DESCRICAO":"Lanchonetes casas de ch\u00e1 de sucos e similares"},{"CNPJ":2213210000193,"RAZAO_SOCIAL":"A. R. CANTO MERCEARIA E DEPOSITO","NOME_FANTASIA":"BAR DO EDU","RUA":"RUA AGENOR MEDEIROS","NUMERO":"33","COMPLEMENTO":"LOJA  1","BAIRRO":"VINHATEIRO","CIDADE":"SAO PEDRO DA ALDEIA","ESTADO":"RJ","CEP":28943506.0,"LATITUDE":null,"LONGITUDE":null,"TELEFONE":"(22)924675","SITE":"EXEMPLOBARDOEDU.COM","CNAE_DESCRICAO":"Restaurantes e similares"},{"CNPJ":810767000186,"RAZAO_SOCIAL":"ASTERITO VALADAO E FOLETTO BAR E RESTAURANTE LTDA","NOME_FANTASIA":"PIER LOUNGE","RUA":"AVENIDA SAQUAREMA","NUMERO":"883","COMPLEMENTO":null,"BAIRRO":"PORTO NOVO","CIDADE":"SAQUAREMA","ESTADO":"RJ","CEP":28991311.0,"LATITUDE":-22.9285602,"LONGITUDE":-42.4278266,"TELEFONE":"(22)98548198","SITE":"EXEMPLOPIERLOUNGE.COM","CNAE_DESCRICAO":"Restaurantes e similares"},{"CNPJ":709511000187,"RAZAO_SOCIAL":"DILCIMAR CAETANO DA SILVA","NOME_FANTASIA":"Indispon\u00edvel","RUA":"RUA JOAQUIM PEREIRA BISPO","NUMERO":"475","COMPLEMENTO":"LOTE  06","BAIRRO":"SAO JORGE","CIDADE":"NOVA FRIBURGO","ESTADO":"RJ","CEP":28633615.0,"LATITUDE":-22.2269571,"LONGITUDE":-42.5272044102,"TELEFONE":"(22)99271927","SITE":"EXEMPLOIndispon\u00edvel.COM","CNAE_DESCRICAO":"Restaurantes e similares"},{"CNPJ":108202000151,"RAZAO_SOCIAL":"ARMAZEM COQUEIRO LTDA","NOME_FANTASIA":"ARMAZEM COQUEIRO","RUA":"ESTRADA DO CABRAL","NUMERO":"0","COMPLEMENTO":null,"BAIRRO":"CABRAL","CIDADE":"PARATY","ESTADO":"RJ","CEP":23970000.0,"LATITUDE":-23.2062954,"LONGITUDE":-44.7231518,"TELEFONE":"(24)337127","SITE":"EXEMPLOARMAZEMCOQUEIRO.COM","CNAE_DESCRICAO":"Restaurantes e similares"},{"CNPJ":208531000174,"RAZAO_SOCIAL":"CHAMA GOLE COMERCIO DE BEBIDAS E ALIMENTOS LTDA","NOME_FANTASIA":"Indispon\u00edvel","RUA":"RUA NAIR DURAO GUIMARAES","NUMERO":"407","COMPLEMENTO":null,"BAIRRO":"TRES BARRAS","CIDADE":"LINHARES","ESTADO":"ES","CEP":29907040.0,"LATITUDE":-19.3744191,"LONGITUDE":-40.0724529,"TELEFONE":"(27)92677682","SITE":"EXEMPLOIndispon\u00edvel.COM","CNAE_DESCRICAO":"Restaurantes e similares"},{"CNPJ":2708144000122,"RAZAO_SOCIAL":"MARIA APARECIDA DA PAIXAO - BOM LANCHES","NOME_FANTASIA":"QUIOSQUE SOL E MAR","RUA":"AVENIDA DANTE MICHELINI","NUMERO":"4740","COMPLEMENTO":"QUIOSQ: 31;","BAIRRO":"JARDIM CAMBURI","CIDADE":"VITORIA","ESTADO":"ES","CEP":29090070.0,"LATITUDE":-20.2599804,"LONGITUDE":-40.267894,"TELEFONE":"(27)98133388","SITE":"EXEMPLOQUIOSQUESOLEMAR.COM","CNAE_DESCRICAO":"Restaurantes e similares"},{"CNPJ":2129685000104,"RAZAO_SOCIAL":"SANDRO CRIBARI SOARES","NOME_FANTASIA":"CERIMONIAL GAIA","RUA":"RUA KOREA","NUMERO":"03,04","COMPLEMENTO":null,"BAIRRO":"PORTAL DE JACARAIPE","CIDADE":"SERRA","ESTADO":"ES","CEP":29173835.0,"LATITUDE":-20.1657956,"LONGITUDE":-40.1938780803,"TELEFONE":"(27)99895764","SITE":"EXEMPLOCERIMONIALGAIA.COM","CNAE_DESCRICAO":"Restaurantes e similares"},{"CNPJ":81013000132,"RAZAO_SOCIAL":"BAR E LANCHONETE BR LTDA","NOME_FANTASIA":"Indispon\u00edvel","RUA":"AVENIDA SANTOS DUMONT","NUMERO":"387","COMPLEMENTO":null,"BAIRRO":"CENTRO","CIDADE":"BELO HORIZONTE","ESTADO":"MG","CEP":30111040.0,"LATITUDE":-19.6238123,"LONGITUDE":-43.2260514,"TELEFONE":"(31)3123","SITE":"EXEMPLOIndispon\u00edvel.COM","CNAE_DESCRICAO":"Lanchonetes casas de ch\u00e1 de sucos e similares"},{"CNPJ":885263000125,"RAZAO_SOCIAL":"12\/12 BARBARA CHADID SALAZAR LTDA","NOME_FANTASIA":"ARENA ATAIDE","RUA":"AVENIDA DOM PEDRO II","NUMERO":"5102","COMPLEMENTO":"SETOR: 05 E 07;","BAIRRO":"JARDIM MONTANHES","CIDADE":"BELO HORIZONTE","ESTADO":"MG","CEP":30750000.0,"LATITUDE":-19.9051254,"LONGITUDE":-43.9821385,"TELEFONE":"(31)314243","SITE":"EXEMPLOARENAATAIDE.COM","CNAE_DESCRICAO":"Restaurantes e similares"},{"CNPJ":2592537000113,"RAZAO_SOCIAL":"ROMULO COSTA ALVES","NOME_FANTASIA":"ESPANTA CRISE CAFE","RUA":"AVENIDA DO CONTORNO","NUMERO":"1790","COMPLEMENTO":"LJ A","BAIRRO":"FLORESTA","CIDADE":"BELO HORIZONTE","ESTADO":"MG","CEP":30110008.0,"LATITUDE":-19.9127464,"LONGITUDE":-43.9302006,"TELEFONE":"(31)327293","SITE":"EXEMPLOESPANTACRISECAFE.COM","CNAE_DESCRICAO":"Restaurantes e similares"},{"CNPJ":93654000107,"RAZAO_SOCIAL":"BAR E RESTAURANTE PANORAMA LTDA","NOME_FANTASIA":"BAR E RESTAURANTE PANORAMA","RUA":"RUA EDUARDO CARLOS","NUMERO":"5","COMPLEMENTO":"LOJA;","BAIRRO":"ARAGUAIA","CIDADE":"BELO HORIZONTE","ESTADO":"MG","CEP":30620440.0,"LATITUDE":-19.9886727,"LONGITUDE":-44.0021955,"TELEFONE":"(31)332249","SITE":"EXEMPLOBARERESTAURANTEPANORAMA.COM","CNAE_DESCRICAO":"Lanchonetes casas de ch\u00e1 de sucos e similares"},{"CNPJ":66180000104,"RAZAO_SOCIAL":"NISIO FONTES SALGADO","NOME_FANTASIA":"NISIO 'S BAR","RUA":"RUA CONTAGEM","NUMERO":"1395","COMPLEMENTO":"LOJA: A;","BAIRRO":"SANTA INES","CIDADE":"BELO HORIZONTE","ESTADO":"MG","CEP":31080255.0,"LATITUDE":-19.8903311,"LONGITUDE":-43.9096812,"TELEFONE":"(31)34851361","SITE":"EXEMPLONISIO'SBAR.COM","CNAE_DESCRICAO":"Lanchonetes casas de ch\u00e1 de sucos e similares"},{"CNPJ":691848000104,"RAZAO_SOCIAL":"BAR & LANCHONETE DO EXPEDITO LTDA","NOME_FANTASIA":"BAR DO EXPEDITO","RUA":"RUA DA CONCEICAO","NUMERO":"405","COMPLEMENTO":"LETRA A","BAIRRO":"PRAIA","CIDADE":"ITABIRA","ESTADO":"MG","CEP":35900281.0,"LATITUDE":-19.6331496,"LONGITUDE":-43.2041431,"TELEFONE":"(31)865462","SITE":"EXEMPLOBARDOEXPEDITO.COM","CNAE_DESCRICAO":"Restaurantes e similares"},{"CNPJ":1095299000178,"RAZAO_SOCIAL":"LEONARDO TEIXEIRA DE SOUZA","NOME_FANTASIA":"Indispon\u00edvel","RUA":"RUA IMBIACA","NUMERO":"350","COMPLEMENTO":"LOJA  B","BAIRRO":"DOM CABRAL","CIDADE":"BELO HORIZONTE","ESTADO":"MG","CEP":30535100.0,"LATITUDE":-19.9239242,"LONGITUDE":-43.9977078,"TELEFONE":"(31)93886723","SITE":"EXEMPLOIndispon\u00edvel.COM","CNAE_DESCRICAO":"Restaurantes e similares"},{"CNPJ":82324000116,"RAZAO_SOCIAL":"BAR E LANCHONETE CARIBE LTDA","NOME_FANTASIA":"BAR DO CLAUDIO","RUA":"AVENIDA BRASIL","NUMERO":"125","COMPLEMENTO":"LOJA;","BAIRRO":"SANTA EFIGENIA","CIDADE":"BELO HORIZONTE","ESTADO":"MG","CEP":30140000.0,"LATITUDE":-20.1456598,"LONGITUDE":-44.209211,"TELEFONE":"(31)95851987","SITE":"EXEMPLOBARDOCLAUDIO.COM","CNAE_DESCRICAO":"Lanchonetes casas de ch\u00e1 de sucos e similares"},{"CNPJ":2650223000120,"RAZAO_SOCIAL":"LUIZ CARLOS DE OLIVEIRA","NOME_FANTASIA":"TABERNA BAR","RUA":"RUA JORGE ELIAS","NUMERO":"1593","COMPLEMENTO":null,"BAIRRO":"SAO SEBASTIAO","CIDADE":"TOMBOS","ESTADO":"MG","CEP":36844000.0,"LATITUDE":-20.90454095,"LONGITUDE":-42.0237140748,"TELEFONE":"(32)99953412","SITE":"EXEMPLOTABERNABAR.COM","CNAE_DESCRICAO":"Restaurantes e similares"},{"CNPJ":1631114000100,"RAZAO_SOCIAL":"MANUEL NATALINO COELHO","NOME_FANTASIA":"MANUEL DO GAIDE","RUA":"AVENIDA GENTIL CALDEIRA","NUMERO":"30","COMPLEMENTO":null,"BAIRRO":"CANTINHO DO CEU","CIDADE":"MUTUM","ESTADO":"MG","CEP":36955000.0,"LATITUDE":-19.81866815,"LONGITUDE":-41.4458681977,"TELEFONE":"(33)331217","SITE":"EXEMPLOMANUELDOGAIDE.COM","CNAE_DESCRICAO":"Restaurantes e similares"},{"CNPJ":1631114000283,"RAZAO_SOCIAL":"MANUEL NATALINO COELHO","NOME_FANTASIA":"BAR MANUEL DO GAIDE","RUA":"RUA DR. ARTUR EUTROPIO","NUMERO":"16","COMPLEMENTO":null,"BAIRRO":"CANTINHO DO CEU","CIDADE":"MUTUM","ESTADO":"MG","CEP":36955000.0,"LATITUDE":-19.81866815,"LONGITUDE":-41.4458681977,"TELEFONE":"(33)33121831","SITE":"EXEMPLOBARMANUELDOGAIDE.COM","CNAE_DESCRICAO":"Restaurantes e similares"},{"CNPJ":1785218000161,"RAZAO_SOCIAL":"MARIA NILZA ALVES DE MACEDO E CIA LTDA","NOME_FANTASIA":"CHURRASCARIA BOI NA BRASA","RUA":"AVENIDA FIRMIANO LACERDA","NUMERO":"495","COMPLEMENTO":null,"BAIRRO":"JOAQUIM D. DOS PRAZERES","CIDADE":"SANTA MARIA DO SUACUI","ESTADO":"MG","CEP":39780000.0,"LATITUDE":null,"LONGITUDE":null,"TELEFONE":"(33)34311387","SITE":"EXEMPLOCHURRASCARIABOINABRASA.COM","CNAE_DESCRICAO":"Restaurantes e similares"},{"CNPJ":1546054000209,"RAZAO_SOCIAL":"PADARIA SANTOS LTDA","NOME_FANTASIA":"CASCATA BAR","RUA":"RUA SAO FRANCISCO","NUMERO":"61","COMPLEMENTO":null,"BAIRRO":"CENTRO","CIDADE":"ALMENARA","ESTADO":"MG","CEP":39900000.0,"LATITUDE":-16.1736595,"LONGITUDE":-40.6920941,"TELEFONE":"(33)880582","SITE":"EXEMPLOCASCATABAR.COM","CNAE_DESCRICAO":"Restaurantes e similares"},{"CNPJ":1962017000192,"RAZAO_SOCIAL":"JACINTO LUCIO DA COSTA CPF 484.556.796-20","NOME_FANTASIA":"MAITRE BUFFET","RUA":"RUA MARIA MARTINS DO AMARAL","NUMERO":"63","COMPLEMENTO":null,"BAIRRO":"CIDADE JARDIM","CIDADE":"SANTO ANTONIO DO MONTE","ESTADO":"MG","CEP":35560000.0,"LATITUDE":null,"LONGITUDE":null,"TELEFONE":"(37)32812676","SITE":"EXEMPLOMAITREBUFFET.COM","CNAE_DESCRICAO":"Restaurantes e similares"},{"CNPJ":2344336000105,"RAZAO_SOCIAL":"NEUZA ALVES DE OLIVEIRA","NOME_FANTASIA":"SEU CAETANO GRIL","RUA":"AVENIDA AYRTON SENNA DA SILVA","NUMERO":"591","COMPLEMENTO":null,"BAIRRO":"SANTA ROSA","CIDADE":"DIVINOPOLIS","ESTADO":"MG","CEP":35500765.0,"LATITUDE":-20.1640577,"LONGITUDE":-44.8596187,"TELEFONE":"(37)88146634","SITE":"EXEMPLOSEUCAETANOGRIL.COM","CNAE_DESCRICAO":"Restaurantes e similares"},{"CNPJ":1636345000280,"RAZAO_SOCIAL":"VANIA APARECIDA SALES MOREIRA","NOME_FANTASIA":"BAR ESQUINA DA QUITANDA","RUA":"RUA DA QUITANDA","NUMERO":"39","COMPLEMENTO":null,"BAIRRO":"CENTRO","CIDADE":"DIAMANTINA","ESTADO":"MG","CEP":39100000.0,"LATITUDE":-18.20056725,"LONGITUDE":-43.5772999052,"TELEFONE":"(38)881436","SITE":"EXEMPLOBARESQUINADAQUITANDA.COM","CNAE_DESCRICAO":"Restaurantes e similares"},{"CNPJ":130282000141,"RAZAO_SOCIAL":"BAR & SNOOKER COBRAS LTDA","NOME_FANTASIA":"BAR E SNOOKER COBRAS","RUA":"AVENIDA MARECHAL FLORIANO PEIXOTO","NUMERO":"374","COMPLEMENTO":null,"BAIRRO":"CENTRO","CIDADE":"CURITIBA","ESTADO":"PR","CEP":80010130.0,"LATITUDE":-25.4312608,"LONGITUDE":-49.2712771,"TELEFONE":"(41)166771","SITE":"EXEMPLOBARESNOOKERCOBRAS.COM","CNAE_DESCRICAO":"Lanchonetes casas de ch\u00e1 de sucos e similares"},{"CNPJ":1618844000163,"RAZAO_SOCIAL":"HOTTEL 418 BAR E ENTRETENIMENTO LTDA","NOME_FANTASIA":"HOTTEL 418","RUA":"RUA BARAO DO RIO BRANCO","NUMERO":"418","COMPLEMENTO":"TERREO","BAIRRO":"CENTRO","CIDADE":"CURITIBA","ESTADO":"PR","CEP":80010180.0,"LATITUDE":-25.4312608,"LONGITUDE":-49.2712771,"TELEFONE":"(41)33225182","SITE":"EXEMPLOHOTTEL418.COM","CNAE_DESCRICAO":"Restaurantes e similares"},{"CNPJ":668542000137,"RAZAO_SOCIAL":"RODEO COUNTRY BAR EIRELI","NOME_FANTASIA":"RODEO CONTRY BAR","RUA":"RODOVIA BR 116","NUMERO":"4100","COMPLEMENTO":null,"BAIRRO":"ATUBA","CIDADE":"CURITIBA","ESTADO":"PR","CEP":82590100.0,"LATITUDE":-25.3875003,"LONGITUDE":-49.2066058,"TELEFONE":"(41)335210","SITE":"EXEMPLORODEOCONTRYBAR.COM","CNAE_DESCRICAO":"Restaurantes e similares"},{"CNPJ":12928000196,"RAZAO_SOCIAL":"J.R.DA SILVA AMERICANA-ME","NOME_FANTASIA":"Indispon\u00edvel","RUA":"AVENIDA AFONSO SCHIMIDT","NUMERO":"635","COMPLEMENTO":null,"BAIRRO":"ANTONIO ZANAGA II","CIDADE":"AMERICANA","ESTADO":"SP","CEP":13474510.0,"LATITUDE":-22.7066052,"LONGITUDE":-47.2999154,"TELEFONE":"(41)338414","SITE":"EXEMPLOIndispon\u00edvel.COM","CNAE_DESCRICAO":"Lanchonetes casas de ch\u00e1 de sucos e similares"},{"CNPJ":127219000156,"RAZAO_SOCIAL":"CELI AMILTON DOS ANJOS","NOME_FANTASIA":"BAR DO CELI","RUA":"RUA JOAO PESSOA","NUMERO":"1530","COMPLEMENTO":null,"BAIRRO":"CENTRO","CIDADE":"CAMPO LARGO","ESTADO":"PR","CEP":83601060.0,"LATITUDE":-22.9109063,"LONGITUDE":-43.1756533,"TELEFONE":"(41)339341","SITE":"EXEMPLOBARDOCELI.COM","CNAE_DESCRICAO":"Lanchonetes casas de ch\u00e1 de sucos e similares"},{"CNPJ":117166000192,"RAZAO_SOCIAL":"ISABEL YAIKO MORITA","NOME_FANTASIA":"FRANGONETE E ROTISSERIA KI FRANGU'S","RUA":"RUA PREFEITO ROQUE VERNALHA","NUMERO":"1245","COMPLEMENTO":"SALA  1","BAIRRO":"VILA PARANAGUA","CIDADE":"PARANAGUA","ESTADO":"PR","CEP":83221000.0,"LATITUDE":-25.5240172,"LONGITUDE":-48.5292171402,"TELEFONE":"(41)34226971","SITE":"EXEMPLOFRANGONETEEROTISSERIAKIFRANGU'S.COM","CNAE_DESCRICAO":"Servi\u00e7os ambulantes de alimenta\u00e7\u00e3o"},{"CNPJ":1514418000180,"RAZAO_SOCIAL":"DLM LANCHONETE LTDA","NOME_FANTASIA":"CHURRASKOL","RUA":"RUA LUIZ TRAMONTIN","NUMERO":"2180","COMPLEMENTO":null,"BAIRRO":"CIDADE INDUSTRIAL","CIDADE":"CURITIBA","ESTADO":"PR","CEP":81230161.0,"LATITUDE":-25.497993,"LONGITUDE":-49.334522,"TELEFONE":"(41)96372713","SITE":"EXEMPLOCHURRASKOL.COM","CNAE_DESCRICAO":"Restaurantes e similares"},{"CNPJ":58541000170,"RAZAO_SOCIAL":"Q COISA BOA BAR LTDA","NOME_FANTASIA":"BUTECO TOMAUMA","RUA":"RUA MATEUS LEME","NUMERO":"2631","COMPLEMENTO":null,"BAIRRO":"BOM RETIRO","CIDADE":"CURITIBA","ESTADO":"PR","CEP":80520174.0,"LATITUDE":-25.8102134,"LONGITUDE":-48.5384584,"TELEFONE":"(41)98713461","SITE":"EXEMPLOBUTECOTOMAUMA.COM","CNAE_DESCRICAO":"Restaurantes e similares"},{"CNPJ":1906570000108,"RAZAO_SOCIAL":"CROSSROADS BAR LTDA","NOME_FANTASIA":"CROSSROADS","RUA":"AVENIDA IGUACU","NUMERO":"2310","COMPLEMENTO":null,"BAIRRO":"AGUA VERDE","CIDADE":"CURITIBA","ESTADO":"PR","CEP":80240031.0,"LATITUDE":-25.4552633,"LONGITUDE":-49.2828084,"TELEFONE":"(41)99","SITE":"EXEMPLOCROSSROADS.COM","CNAE_DESCRICAO":"Restaurantes e similares"},{"CNPJ":2748664000169,"RAZAO_SOCIAL":"NEUZA FURTADO DA COSTA","NOME_FANTASIA":"Indispon\u00edvel","RUA":"RUA CONSELHEIRO ZACARIAS","NUMERO":"521","COMPLEMENTO":null,"BAIRRO":"VILA SANTANA","CIDADE":"PITANGA","ESTADO":"PR","CEP":85200000.0,"LATITUDE":null,"LONGITUDE":null,"TELEFONE":"(42)98232194","SITE":"EXEMPLOIndispon\u00edvel.COM","CNAE_DESCRICAO":"Restaurantes e similares"},{"CNPJ":102191000100,"RAZAO_SOCIAL":"BOZOLA - COMERCIO DE CACHACAS LTDA.","NOME_FANTASIA":"AGUA DOCE CACHACARIA","RUA":"AVENIDA SANTOS DUMONT","NUMERO":"1.339","COMPLEMENTO":"CASA","BAIRRO":"JARDIM AEROPORTO","CIDADE":"LONDRINA","ESTADO":"PR","CEP":86039090.0,"LATITUDE":-23.3253407,"LONGITUDE":-51.1320114554,"TELEFONE":"(43)32637","SITE":"EXEMPLOAGUADOCECACHACARIA.COM","CNAE_DESCRICAO":"Lanchonetes casas de ch\u00e1 de sucos e similares"},{"CNPJ":111505000123,"RAZAO_SOCIAL":"V RODRIGUES - DRINKS BAR","NOME_FANTASIA":"Indispon\u00edvel","RUA":"RUA CRISTOVAO CARDOSO DE BARROS","NUMERO":"168","COMPLEMENTO":null,"BAIRRO":"JARDIM NOVO SABARA","CIDADE":"LONDRINA","ESTADO":"PR","CEP":86066040.0,"LATITUDE":-23.3058789,"LONGITUDE":-51.2222707,"TELEFONE":"(43)33333333","SITE":"EXEMPLOIndispon\u00edvel.COM","CNAE_DESCRICAO":"Lanchonetes casas de ch\u00e1 de sucos e similares"},{"CNPJ":1958555000103,"RAZAO_SOCIAL":"JUVALDIR SOARES DA SILVA","NOME_FANTASIA":"JUBAR","RUA":"RUA ARY MARTINSKI","NUMERO":"286","COMPLEMENTO":null,"BAIRRO":"PEDRINHA 2","CIDADE":"JAGUARIAIVA","ESTADO":"PR","CEP":84200000.0,"LATITUDE":null,"LONGITUDE":null,"TELEFONE":"(43)96881268","SITE":"EXEMPLOJUBAR.COM","CNAE_DESCRICAO":"Restaurantes e similares"},{"CNPJ":90979000136,"RAZAO_SOCIAL":"JOSE LUIZ SIQUEIRA","NOME_FANTASIA":"Indispon\u00edvel","RUA":"RUA JOSE LEONIDAS NERONE","NUMERO":"80","COMPLEMENTO":null,"BAIRRO":"JARDIM ANDRADE","CIDADE":"MARINGA","ESTADO":"PR","CEP":87035450.0,"LATITUDE":-23.3860962,"LONGITUDE":-51.8988366,"TELEFONE":"(44)2774","SITE":"EXEMPLOIndispon\u00edvel.COM","CNAE_DESCRICAO":"Lanchonetes casas de ch\u00e1 de sucos e similares"},{"CNPJ":79379000177,"RAZAO_SOCIAL":"D ANTONIO DA SILVA PADARIA","NOME_FANTASIA":"Indispon\u00edvel","RUA":"RUA FOZ DO AREIA","NUMERO":"630","COMPLEMENTO":null,"BAIRRO":"JARDIM EBENEZER","CIDADE":"MARINGA","ESTADO":"PR","CEP":87035340.0,"LATITUDE":-23.3874355,"LONGITUDE":-51.9020016,"TELEFONE":"(44)32281671","SITE":"EXEMPLOIndispon\u00edvel.COM","CNAE_DESCRICAO":"Lanchonetes casas de ch\u00e1 de sucos e similares"},{"CNPJ":102189000123,"RAZAO_SOCIAL":"KOZAN E SILVA LTDA","NOME_FANTASIA":"ARCAM","RUA":"VIA ROSALINA MARIA DOS SANTOS","NUMERO":"1697","COMPLEMENTO":null,"BAIRRO":"AREA URBANIZADA I","CIDADE":"CAMPO MOURAO","ESTADO":"PR","CEP":87301899.0,"LATITUDE":null,"LONGITUDE":null,"TELEFONE":"(44)352335","SITE":"EXEMPLOARCAM.COM","CNAE_DESCRICAO":"Lanchonetes casas de ch\u00e1 de sucos e similares"},{"CNPJ":66265000192,"RAZAO_SOCIAL":"JOSE ADAO DEMKO LANCHONETE","NOME_FANTASIA":"Indispon\u00edvel","RUA":"RUA DA CONSOLACAO","NUMERO":"351","COMPLEMENTO":null,"BAIRRO":"CENTRO","CIDADE":"MARIA HELENA","ESTADO":"PR","CEP":87480000.0,"LATITUDE":-23.5349341,"LONGITUDE":-46.3079329119,"TELEFONE":"(44)36241874","SITE":"EXEMPLOIndispon\u00edvel.COM","CNAE_DESCRICAO":"Lanchonetes casas de ch\u00e1 de sucos e similares"},{"CNPJ":70273000102,"RAZAO_SOCIAL":"VANDA DA SILVA LANCHONETE","NOME_FANTASIA":"LANCHONETE PONTO CERTO","RUA":"AVENIDA MATE LARANJEIRA","NUMERO":"1221","COMPLEMENTO":"SALA  1","BAIRRO":"CENTRO","CIDADE":"GUAIRA","ESTADO":"PR","CEP":85980000.0,"LATITUDE":-15.7620058,"LONGITUDE":-48.2456395369,"TELEFONE":"(44)36423626","SITE":"EXEMPLOLANCHONETEPONTOCERTO.COM","CNAE_DESCRICAO":"Lanchonetes casas de ch\u00e1 de sucos e similares"},{"CNPJ":1725040000163,"RAZAO_SOCIAL":"PAULO BRAZ CAMARGO 40798178949","NOME_FANTASIA":"Indispon\u00edvel","RUA":"AVENIDA PAULISTA","NUMERO":"603","COMPLEMENTO":null,"BAIRRO":"JUVINOPOLIS","CIDADE":"CASCAVEL","ESTADO":"PR","CEP":85821000.0,"LATITUDE":-25.2616733,"LONGITUDE":-53.3402159,"TELEFONE":"(45)322453","SITE":"EXEMPLOIndispon\u00edvel.COM","CNAE_DESCRICAO":"Restaurantes e similares"},{"CNPJ":130210000102,"RAZAO_SOCIAL":"EDEMAR DOBERSTEIN","NOME_FANTASIA":"Indispon\u00edvel","RUA":"RODOVIA PR 488","NUMERO":"SN","COMPLEMENTO":null,"BAIRRO":"CHACARA 116","CIDADE":"SANTA HELENA","ESTADO":"PR","CEP":85892000.0,"LATITUDE":-24.8582465,"LONGITUDE":-54.3463309,"TELEFONE":"(45)326861","SITE":"EXEMPLOIndispon\u00edvel.COM","CNAE_DESCRICAO":"Lanchonetes casas de ch\u00e1 de sucos e similares"},{"CNPJ":2570948000108,"RAZAO_SOCIAL":"RIBEIRAO LANCHES LTDA","NOME_FANTASIA":"CAPITAO BAR","RUA":"AVENIDA JORGE SCHIMMELPFENG","NUMERO":"288","COMPLEMENTO":null,"BAIRRO":"CENTRO","CIDADE":"FOZ DO IGUACU","ESTADO":"PR","CEP":85851110.0,"LATITUDE":-25.5547245,"LONGITUDE":-54.5400928,"TELEFONE":"(45)5744599","SITE":"EXEMPLOCAPITAOBAR.COM","CNAE_DESCRICAO":"Restaurantes e similares"},{"CNPJ":1664669000140,"RAZAO_SOCIAL":"ROSANGELA SUSZEK","NOME_FANTASIA":"ESPETINHOS DO ELEMAR","RUA":"AVENIDA RIO GRANDE DO SUL","NUMERO":"2800","COMPLEMENTO":"SALA  02\/ QUADRA 01 LOTE 02","BAIRRO":"JARDIM MARECHAL","CIDADE":"MARECHAL CANDIDO RONDON","ESTADO":"PR","CEP":85960000.0,"LATITUDE":-24.5472256,"LONGITUDE":-54.2653762,"TELEFONE":"(45)947513","SITE":"EXEMPLOESPETINHOSDOELEMAR.COM","CNAE_DESCRICAO":"Restaurantes e similares"},{"CNPJ":59578000113,"RAZAO_SOCIAL":"L. N. DE JESUS & CIA LTDA","NOME_FANTASIA":"Indispon\u00edvel","RUA":"RUA ISRAEL V. SILVEIRA","NUMERO":"1637","COMPLEMENTO":null,"BAIRRO":"NOVA CIDADE","CIDADE":"CASCAVEL","ESTADO":"PR","CEP":85803040.0,"LATITUDE":-24.9872392,"LONGITUDE":-53.4569584,"TELEFONE":"(45)992444","SITE":"EXEMPLOIndispon\u00edvel.COM","CNAE_DESCRICAO":"Servi\u00e7os ambulantes de alimenta\u00e7\u00e3o"},{"CNPJ":2649308000198,"RAZAO_SOCIAL":"BAR CONTORNO SUL LTDA","NOME_FANTASIA":"Indispon\u00edvel","RUA":"RUA SANTA MARIA GORETTI","NUMERO":"844","COMPLEMENTO":null,"BAIRRO":"SAO MIGUEL","CIDADE":"FRANCISCO BELTRAO","ESTADO":"PR","CEP":85602370.0,"LATITUDE":-25.7288551,"LONGITUDE":-53.8535629,"TELEFONE":"(46)99843943","SITE":"EXEMPLOIndispon\u00edvel.COM","CNAE_DESCRICAO":"Restaurantes e similares"},{"CNPJ":1251580000152,"RAZAO_SOCIAL":"NELCI ALVES DA SILVA","NOME_FANTASIA":"BAILAO CANTINHO DO SONHO THE FRIENDS","RUA":"RUA 716 C","NUMERO":"380","COMPLEMENTO":null,"BAIRRO":"VARZEA","CIDADE":"ITAPEMA","ESTADO":"SC","CEP":88220000.0,"LATITUDE":-27.0967141,"LONGITUDE":-48.6247955,"TELEFONE":"(47)32683193","SITE":"EXEMPLOBAILAOCANTINHODOSONHOTHEFRIENDS.COM","CNAE_DESCRICAO":"Restaurantes e similares"},{"CNPJ":2579730000114,"RAZAO_SOCIAL":"BARBA RUIVA LTDA","NOME_FANTASIA":"AHOY TAVERN CLUB","RUA":"RUA SAO PAULO","NUMERO":"2083","COMPLEMENTO":null,"BAIRRO":"ITOUPAVA SECA","CIDADE":"BLUMENAU","ESTADO":"SC","CEP":89030000.0,"LATITUDE":-26.8951377,"LONGITUDE":-49.0817181,"TELEFONE":"(47)33269167","SITE":"EXEMPLOAHOYTAVERNCLUB.COM","CNAE_DESCRICAO":"Restaurantes e similares"},{"CNPJ":1001141000191,"RAZAO_SOCIAL":"LUCIMARA BORN ALBINO","NOME_FANTASIA":"PIER 104 SUSHI HOUSE","RUA":"AVENIDA BEIRA RIO","NUMERO":"104","COMPLEMENTO":null,"BAIRRO":"CENTRO","CIDADE":"BALNEARIO DE PICARRAS","ESTADO":"SC","CEP":88380000.0,"LATITUDE":-26.7669662,"LONGITUDE":-48.6705279,"TELEFONE":"(47)33454216","SITE":"EXEMPLOPIER104SUSHIHOUSE.COM","CNAE_DESCRICAO":"Restaurantes e similares"},{"CNPJ":70990000134,"RAZAO_SOCIAL":"ELASIO GERMANO & CIA LTDA","NOME_FANTASIA":"BAR DO ELASIO","RUA":"AVENIDA GILBERTO COMANDOLLI","NUMERO":"361","COMPLEMENTO":null,"BAIRRO":"CENTRO","CIDADE":"VIDAL RAMOS","ESTADO":"SC","CEP":88443000.0,"LATITUDE":-27.2822622,"LONGITUDE":-49.3854705,"TELEFONE":"(47)33561367","SITE":"EXEMPLOBARDOELASIO.COM","CNAE_DESCRICAO":"Lanchonetes casas de ch\u00e1 de sucos e similares"},{"CNPJ":1445511000180,"RAZAO_SOCIAL":"JURACI MARIA DEPINE","NOME_FANTASIA":"LA BODEGUINA DEL JOVEM","RUA":"RUA BARAO DO RIO BRANCO","NUMERO":"1807","COMPLEMENTO":null,"BAIRRO":"GAVEA","CIDADE":"RODEIO","ESTADO":"SC","CEP":89136000.0,"LATITUDE":-26.9071254,"LONGITUDE":-49.3622214,"TELEFONE":"(47)338093","SITE":"EXEMPLOLABODEGUINADELJOVEM.COM","CNAE_DESCRICAO":"Restaurantes e similares"},{"CNPJ":140450000180,"RAZAO_SOCIAL":"BAR E MERCEARIA NELSON JUST LTDA","NOME_FANTASIA":"Indispon\u00edvel","RUA":"RUA RIBEIRAO SOUTO","NUMERO":"1450","COMPLEMENTO":null,"BAIRRO":"TESTO CENTRAL","CIDADE":"POMERODE","ESTADO":"SC","CEP":89107000.0,"LATITUDE":-26.8107201,"LONGITUDE":-49.1545168,"TELEFONE":"(47)338747","SITE":"EXEMPLOIndispon\u00edvel.COM","CNAE_DESCRICAO":"Lanchonetes casas de ch\u00e1 de sucos e similares"},{"CNPJ":2461759000105,"RAZAO_SOCIAL":"ANTONIO DA SILVA O ROCHA","NOME_FANTASIA":"BAR E MERCEARIA SILVA","RUA":"RUA DOS HOLANDESES","NUMERO":"55","COMPLEMENTO":null,"BAIRRO":"PIRABEIRABA","CIDADE":"JOINVILLE","ESTADO":"SC","CEP":89239250.0,"LATITUDE":-26.1656276,"LONGITUDE":-48.932437,"TELEFONE":"(47)342275","SITE":"EXEMPLOBAREMERCEARIASILVA.COM","CNAE_DESCRICAO":"Restaurantes e similares"},{"CNPJ":96130000170,"RAZAO_SOCIAL":"CARLOS ALBERTO VIZCAYCHIPI DE AGUIAR","NOME_FANTASIA":"HOTEL E RESTAURANTE 6.000","RUA":"RUA ROUXINOL","NUMERO":"460","COMPLEMENTO":null,"BAIRRO":"BALNEARIO UIRAPURU","CIDADE":"ITAPOA","ESTADO":"SC","CEP":89249000.0,"LATITUDE":null,"LONGITUDE":null,"TELEFONE":"(47)3443","SITE":"EXEMPLOHOTELERESTAURANTE6.000.COM","CNAE_DESCRICAO":"Lanchonetes casas de ch\u00e1 de sucos e similares"},{"CNPJ":2423805000173,"RAZAO_SOCIAL":"CLAUDETE HOLLES MOURA","NOME_FANTASIA":"Indispon\u00edvel","RUA":"ESTRADA LOC. DE GUARANI","NUMERO":"SN","COMPLEMENTO":null,"BAIRRO":"GUARANI","CIDADE":"PAPANDUVA","ESTADO":"SC","CEP":89370000.0,"LATITUDE":-26.5369304,"LONGITUDE":-50.1641356,"TELEFONE":"(47)84155543","SITE":"EXEMPLOIndispon\u00edvel.COM","CNAE_DESCRICAO":"Restaurantes e similares"},{"CNPJ":1758703000146,"RAZAO_SOCIAL":"AGNALDO LORENCETTI","NOME_FANTASIA":"BOTECO 100 NOME","RUA":"RUA OSCAR VIEIRA","NUMERO":"1026","COMPLEMENTO":null,"BAIRRO":"CEDRO","CIDADE":"CAMBORIU","ESTADO":"SC","CEP":88340434.0,"LATITUDE":-27.0375469,"LONGITUDE":-48.6456812,"TELEFONE":"(47)96461465","SITE":"EXEMPLOBOTECO100NOME.COM","CNAE_DESCRICAO":"Restaurantes e similares"},{"CNPJ":132934000187,"RAZAO_SOCIAL":"TREVO-LAR BAR E COMERCIO DE GENEROS ALIMENTICIOS LTDA","NOME_FANTASIA":"TREVO-LAR BAR","RUA":"RUA PROF ROGERIO TAVARES","NUMERO":"135","COMPLEMENTO":null,"BAIRRO":"VILA NOVA","CIDADE":"IMBITUBA","ESTADO":"SC","CEP":88780000.0,"LATITUDE":-28.2621275,"LONGITUDE":-48.6871849,"TELEFONE":"(48)96234774","SITE":"EXEMPLOTREVO-LARBAR.COM","CNAE_DESCRICAO":"Lanchonetes casas de ch\u00e1 de sucos e similares"},{"CNPJ":168223000162,"RAZAO_SOCIAL":"H E LEMOS BASISCO","NOME_FANTASIA":"BASISCO","RUA":"TRAVESSA OSVALDO BURIGO","NUMERO":"5","COMPLEMENTO":null,"BAIRRO":"CENTRO","CIDADE":"NOVA VENEZA","ESTADO":"SC","CEP":88865000.0,"LATITUDE":-28.6374153,"LONGITUDE":-49.4992092,"TELEFONE":"(48)966631","SITE":"EXEMPLOBASISCO.COM","CNAE_DESCRICAO":"Restaurantes e similares"},{"CNPJ":94430000110,"RAZAO_SOCIAL":"ILDO CARDOSO DA SILVA","NOME_FANTASIA":"BAR DO CARDOSO","RUA":"RUA DORVALINA GUERREIRO","NUMERO":"116","COMPLEMENTO":"SALA 02","BAIRRO":"CONCEICAO","CIDADE":"ZORTEA","ESTADO":"SC","CEP":89633000.0,"LATITUDE":null,"LONGITUDE":null,"TELEFONE":"(49)55059","SITE":"EXEMPLOBARDOCARDOSO.COM","CNAE_DESCRICAO":"Lanchonetes casas de ch\u00e1 de sucos e similares"},{"CNPJ":2107857000130,"RAZAO_SOCIAL":"PAULO CAMPAGNARO","NOME_FANTASIA":"BAR VELHO CASARAO","RUA":"AVENIDA MICHELLE SIMONETTI","NUMERO":"1065","COMPLEMENTO":null,"BAIRRO":"SAO MIGUEL","CIDADE":"FRAIBURGO","ESTADO":"SC","CEP":89580000.0,"LATITUDE":-27.0543784,"LONGITUDE":-50.9383629,"TELEFONE":"(49)9663","SITE":"EXEMPLOBARVELHOCASARAO.COM","CNAE_DESCRICAO":"Restaurantes e similares"},{"CNPJ":1724200000150,"RAZAO_SOCIAL":"MARILENE BAHLIS DO NASCIMENTO","NOME_FANTASIA":"LENA PROMOCOES E EVENTOS","RUA":"AVENIDA PRINCESA ISABEL","NUMERO":"795","COMPLEMENTO":"      TERREO FRENTE\/FUNDOS","BAIRRO":"SANTANA","CIDADE":"PORTO ALEGRE","ESTADO":"RS","CEP":90620001.0,"LATITUDE":-30.0488788,"LONGITUDE":-51.2047986,"TELEFONE":"(51)32174411","SITE":"EXEMPLOLENAPROMOCOESEEVENTOS.COM","CNAE_DESCRICAO":"Restaurantes e similares"},{"CNPJ":78090000133,"RAZAO_SOCIAL":"XIS PONTO 100 LANCHES RAPIDOS LTDA","NOME_FANTASIA":"Indispon\u00edvel","RUA":"AVENIDA PROTASIO ALVES","NUMERO":"6227","COMPLEMENTO":null,"BAIRRO":"PETROPOLIS","CIDADE":"PORTO ALEGRE","ESTADO":"RS","CEP":91310003.0,"LATITUDE":-30.0394053,"LONGITUDE":-51.1830208,"TELEFONE":"(51)33868863","SITE":"EXEMPLOIndispon\u00edvel.COM","CNAE_DESCRICAO":"Lanchonetes casas de ch\u00e1 de sucos e similares"},{"CNPJ":916042000177,"RAZAO_SOCIAL":"JOSE BATISTA FERREIRA MARTINS","NOME_FANTASIA":"CHAPS BILLIARD CLUB","RUA":"RUA GENERAL JOSE ANTONIO FLORES DA CUNHA","NUMERO":"674","COMPLEMENTO":"LOJA  1","BAIRRO":"CENTRO","CIDADE":"SAPIRANGA","ESTADO":"RS","CEP":93800010.0,"LATITUDE":-29.63701565,"LONGITUDE":-51.0094289065,"TELEFONE":"(51)35991161","SITE":"EXEMPLOCHAPSBILLIARDCLUB.COM","CNAE_DESCRICAO":"Restaurantes e similares"},{"CNPJ":184434000199,"RAZAO_SOCIAL":"MARCELO DAL PIZZOL","NOME_FANTASIA":"STOCK FELIZ","RUA":"RUA IRMAO WEIBERT","NUMERO":"345","COMPLEMENTO":null,"BAIRRO":"CENTRO","CIDADE":"BOM PRINCIPIO","ESTADO":"RS","CEP":95765000.0,"LATITUDE":-29.49109425,"LONGITUDE":-51.3578539157,"TELEFONE":"(51)363713","SITE":"EXEMPLOSTOCKFELIZ.COM","CNAE_DESCRICAO":"Restaurantes e similares"},{"CNPJ":232153000164,"RAZAO_SOCIAL":"PADARIA E CONFEITARIA HAMBURGO LTDA","NOME_FANTASIA":"Indispon\u00edvel","RUA":"RUA MEXICO","NUMERO":"287","COMPLEMENTO":null,"BAIRRO":"SANTO AFONSO","CIDADE":"NOVO HAMBURGO","ESTADO":"RS","CEP":93420310.0,"LATITUDE":-29.7278341,"LONGITUDE":-51.1287832,"TELEFONE":"(51)6616","SITE":"EXEMPLOIndispon\u00edvel.COM","CNAE_DESCRICAO":"Servi\u00e7os ambulantes de alimenta\u00e7\u00e3o"},{"CNPJ":486600000101,"RAZAO_SOCIAL":"MARIA IZABEL DOS SANTOS BAR","NOME_FANTASIA":"REQUINTE DRINKS","RUA":"RUA DOS MARINHEIROS","NUMERO":"390","COMPLEMENTO":null,"BAIRRO":"ORIENTAL","CIDADE":"ESTRELA","ESTADO":"RS","CEP":95880000.0,"LATITUDE":-29.4902829,"LONGITUDE":-51.9623964,"TELEFONE":"(51)92961692","SITE":"EXEMPLOREQUINTEDRINKS.COM","CNAE_DESCRICAO":"Restaurantes e similares"},{"CNPJ":134747000132,"RAZAO_SOCIAL":"BAR E LANCHERIA JHA LTDA","NOME_FANTASIA":"LANCHERIA RIBEIRO","RUA":"AVENIDA GETULIO VARGAS","NUMERO":"4554","COMPLEMENTO":"CASA","BAIRRO":"VILA MARIA REGINA","CIDADE":"ALVORADA","ESTADO":"RS","CEP":94818001.0,"LATITUDE":null,"LONGITUDE":null,"TELEFONE":"(51)93146267","SITE":"EXEMPLOLANCHERIARIBEIRO.COM","CNAE_DESCRICAO":"Lanchonetes casas de ch\u00e1 de sucos e similares"},{"CNPJ":1933727000194,"RAZAO_SOCIAL":"LURDES CARDOSO","NOME_FANTASIA":"LINS PUB","RUA":"RUA JORGE SPERB","NUMERO":"257","COMPLEMENTO":null,"BAIRRO":"CENTRO","CIDADE":"TRAMANDAI","ESTADO":"RS","CEP":95590000.0,"LATITUDE":-29.9766491,"LONGITUDE":-50.1278714,"TELEFONE":"(51)94166441","SITE":"EXEMPLOLINSPUB.COM","CNAE_DESCRICAO":"Restaurantes e similares"},{"CNPJ":788005000120,"RAZAO_SOCIAL":"MORIMORI ENTRETENIMENTO LTDA","NOME_FANTASIA":"CASA DE EVENTOS","RUA":"AVENIDA TRAMANDAI","NUMERO":"339","COMPLEMENTO":"LOJA 1","BAIRRO":"IPANEMA","CIDADE":"PORTO ALEGRE","ESTADO":"RS","CEP":90001970.0,"LATITUDE":-30.1390847,"LONGITUDE":-51.2243699,"TELEFONE":"(51)95","SITE":"EXEMPLOCASADEEVENTOS.COM","CNAE_DESCRICAO":"Restaurantes e similares"},{"CNPJ":790201000130,"RAZAO_SOCIAL":"ADAO JORGE PECH MARQUES","NOME_FANTASIA":"COMETAS BAR","RUA":"AVENIDA ALEGRIA","NUMERO":"25","COMPLEMENTO":null,"BAIRRO":"ALEGRIA","CIDADE":"GUAIBA","ESTADO":"RS","CEP":92727090.0,"LATITUDE":-30.1416988,"LONGITUDE":-51.3213949,"TELEFONE":"(51)972158","SITE":"EXEMPLOCOMETASBAR.COM","CNAE_DESCRICAO":"Restaurantes e similares"},{"CNPJ":101074000203,"RAZAO_SOCIAL":"MINIMERCADO UBEL LTDA","NOME_FANTASIA":"Indispon\u00edvel","RUA":"RUA MAURICIO CARDOSO","NUMERO":"SN","COMPLEMENTO":null,"BAIRRO":"TEUTONIA","CIDADE":"TEUTONIA","ESTADO":"RS","CEP":95890000.0,"LATITUDE":-29.4514561,"LONGITUDE":-51.8087983,"TELEFONE":"(51)99999999","SITE":"EXEMPLOIndispon\u00edvel.COM","CNAE_DESCRICAO":"Lanchonetes casas de ch\u00e1 de sucos e similares"},{"CNPJ":1181869000142,"RAZAO_SOCIAL":"P.A.G. NUNES","NOME_FANTASIA":"MARAGATOS","RUA":"RUA JORNALISTA MARIO TOSCANO BARBOSA","NUMERO":"25","COMPLEMENTO":null,"BAIRRO":"WILSON","CIDADE":"SANTANA DO LIVRAMENTO","ESTADO":"RS","CEP":97577450.0,"LATITUDE":-30.8635565,"LONGITUDE":-55.4960367,"TELEFONE":"(55)32441349","SITE":"EXEMPLOMARAGATOS.COM","CNAE_DESCRICAO":"Restaurantes e similares"},{"CNPJ":2596192000176,"RAZAO_SOCIAL":"GILVANIA BRITTES 68451130097","NOME_FANTASIA":"NOSSO BAR","RUA":"ESTRADA ESTADUAL ESQUINA JABUTICABA","NUMERO":"SN","COMPLEMENTO":null,"BAIRRO":"INTERIOR","CIDADE":"BARRA DO GUARITA","ESTADO":"RS","CEP":98530000.0,"LATITUDE":null,"LONGITUDE":null,"TELEFONE":"(55)3616","SITE":"EXEMPLONOSSOBAR.COM","CNAE_DESCRICAO":"Restaurantes e similares"},{"CNPJ":2428112000173,"RAZAO_SOCIAL":"ZENI ZORAIDA GERMANO","NOME_FANTASIA":"LANCHERIA E RESTAURANTE METALUTAIA","RUA":"ESTRADA BR 285 KM","NUMERO":"414","COMPLEMENTO":"      INTERIOR","BAIRRO":"LINHA ENCARNACAO","CIDADE":"PANAMBI","ESTADO":"RS","CEP":98280000.0,"LATITUDE":null,"LONGITUDE":null,"TELEFONE":"(55)9693","SITE":"EXEMPLOLANCHERIAERESTAURANTEMETALUTAIA.COM","CNAE_DESCRICAO":"Restaurantes e similares"},{"CNPJ":537767000154,"RAZAO_SOCIAL":"NELSON BATISTA","NOME_FANTASIA":"BAR E MINIMERCADO BATISTA","RUA":"RUA VEREADOR ADIL FAGUNDES BENTES","NUMERO":"199","COMPLEMENTO":null,"BAIRRO":"SANTO ANTONIO","CIDADE":"ROSARIO DO SUL","ESTADO":"RS","CEP":97590000.0,"LATITUDE":-30.251967,"LONGITUDE":-54.9119634,"TELEFONE":"(55)992837","SITE":"EXEMPLOBAREMINIMERCADOBATISTA.COM","CNAE_DESCRICAO":"Restaurantes e similares"},{"CNPJ":37929000195,"RAZAO_SOCIAL":"ANTONIA BARBOSA DOS SANTOS","NOME_FANTASIA":"BAR E MERCEARIA","RUA":null,"NUMERO":"35","COMPLEMENTO":null,"BAIRRO":"ASA NORTE","CIDADE":"BRASILIA","ESTADO":"DF","CEP":70750536.0,"LATITUDE":-15.7627976,"LONGITUDE":-47.883951,"TELEFONE":"(61)2745626","SITE":"EXEMPLOBAREMERCEARIA.COM","CNAE_DESCRICAO":"Lanchonetes casas de ch\u00e1 de sucos e similares"},{"CNPJ":3251000120,"RAZAO_SOCIAL":"MAC COMERCIO DE ALIMENTOS LTDA","NOME_FANTASIA":"MACS BAR","RUA":"ESTACAO PLATAFORMA RODOVIARIA PLATAFORMA INFERIOR LOJA 26","NUMERO":"S\/N","COMPLEMENTO":null,"BAIRRO":"PLANO PILOTO","CIDADE":"BRASILIA","ESTADO":"DF","CEP":70089970.0,"LATITUDE":-15.71836875,"LONGITUDE":-47.9950273035,"TELEFONE":"(61)332999","SITE":"EXEMPLOMACSBAR.COM","CNAE_DESCRICAO":"Bares e outros estabelecimentos especializados em servir bebidas sem entretenimento"},{"CNPJ":2225414000144,"RAZAO_SOCIAL":"MM RESTAURANTE E PIZZARIA LTDA","NOME_FANTASIA":"MARIA MARIA","RUA":"QUADRA QNP 18 CONJUNTO B CASA 02 E CONJUNTO C CASA","NUMERO":"01","COMPLEMENTO":null,"BAIRRO":"CEILANDIA","CIDADE":"BRASILIA","ESTADO":"DF","CEP":72231802.0,"LATITUDE":-15.8173391,"LONGITUDE":-48.1045766,"TELEFONE":"(61)33767381","SITE":"EXEMPLOMARIAMARIA.COM","CNAE_DESCRICAO":"Restaurantes e similares"},{"CNPJ":6379000147,"RAZAO_SOCIAL":"CHURRASCARIA DO LAGO AGUAS CLARAS LTDA","NOME_FANTASIA":"Indispon\u00edvel","RUA":"AVENIDA ASSIS CHATEAUBRIAND","NUMERO":"S\/N","COMPLEMENTO":null,"BAIRRO":"AGUAS CLARAS","CIDADE":"LUZIANIA","ESTADO":"GO","CEP":72812030.0,"LATITUDE":null,"LONGITUDE":null,"TELEFONE":"(61)6221929","SITE":"EXEMPLOIndispon\u00edvel.COM","CNAE_DESCRICAO":"Lanchonetes casas de ch\u00e1 de sucos e similares"},{"CNPJ":2459781000102,"RAZAO_SOCIAL":"DISK BEBIDAS ZERO GRAU COMERCIO EIRELI","NOME_FANTASIA":"ARRUMADINHO ZERO GRAU","RUA":"QUADRA CSB 6 LOTE","NUMERO":"08","COMPLEMENTO":"LOJA  09","BAIRRO":"TAGUATINGA SUL (TAGUATINGA)","CIDADE":"BRASILIA","ESTADO":"DF","CEP":72015565.0,"LATITUDE":-15.8518465,"LONGITUDE":-48.0418845,"TELEFONE":"(61)818516","SITE":"EXEMPLOARRUMADINHOZEROGRAU.COM","CNAE_DESCRICAO":"Restaurantes e similares"},{"CNPJ":131936000151,"RAZAO_SOCIAL":"DDAS COMERCIO DE ALIMENTOS LTDA","NOME_FANTASIA":"Indispon\u00edvel","RUA":"RUA S-6","NUMERO":"462","COMPLEMENTO":"CONJ.202 Q.S26 LT.3\/4","BAIRRO":"SETOR BELA VISTA","CIDADE":"GOIANIA","ESTADO":"GO","CEP":74823470.0,"LATITUDE":-16.7182706,"LONGITUDE":-49.26072,"TELEFONE":"(62)28541","SITE":"EXEMPLOIndispon\u00edvel.COM","CNAE_DESCRICAO":"Lanchonetes casas de ch\u00e1 de sucos e similares"},{"CNPJ":31575000171,"RAZAO_SOCIAL":"ALESANDRO GABRIELE DI MAIO - BAR G D M","NOME_FANTASIA":"BAR GDM","RUA":"RUA COUTO MAGALHAES","NUMERO":"614","COMPLEMENTO":"QUADRA04                  LOTE  13","BAIRRO":"CIDADE JARDIM","CIDADE":"GOIANIA","ESTADO":"GO","CEP":74425350.0,"LATITUDE":-16.6852417,"LONGITUDE":-49.3039467,"TELEFONE":"(62)32331344","SITE":"EXEMPLOBARGDM.COM","CNAE_DESCRICAO":"Lanchonetes casas de ch\u00e1 de sucos e similares"},{"CNPJ":102822000183,"RAZAO_SOCIAL":"TANIA REGINA PARISI","NOME_FANTASIA":"CHACARA 10","RUA":"RUA ANTONIO ALVES NETO","NUMERO":"SN","COMPLEMENTO":"QUADRAC                   LOTE  10A","BAIRRO":"JARDIM MARIA INES","CIDADE":"APARECIDA DE GOIANIA","ESTADO":"GO","CEP":74914050.0,"LATITUDE":-16.7496228,"LONGITUDE":-49.2607645,"TELEFONE":"(62)327722","SITE":"EXEMPLOCHACARA10.COM","CNAE_DESCRICAO":"Lanchonetes casas de ch\u00e1 de sucos e similares"},{"CNPJ":2460107000148,"RAZAO_SOCIAL":"MARCOS ROGERIO PEREIRA DA SILVA","NOME_FANTASIA":"BITS PASTEIS","RUA":"AVENIDA ANHANGUERA","NUMERO":"14546","COMPLEMENTO":"QUADRAU                   LOTE  01","BAIRRO":"PARQUE INDUSTRIAL PAULISTA","CIDADE":"GOIANIA","ESTADO":"GO","CEP":74463125.0,"LATITUDE":-16.65439295,"LONGITUDE":-49.3379519109,"TELEFONE":"(62)842244","SITE":"EXEMPLOBITSPASTEIS.COM","CNAE_DESCRICAO":"Restaurantes e similares"},{"CNPJ":131261000140,"RAZAO_SOCIAL":"JOSE ABILIO ALVES FERREIRA","NOME_FANTASIA":"BUTECO DO ZE ABILIO","RUA":"RUA S 4","NUMERO":"S\/N","COMPLEMENTO":"QUADRAS18                 LOJA  22","BAIRRO":"SETOR BELA VISTA","CIDADE":"GOIANIA","ESTADO":"GO","CEP":74823450.0,"LATITUDE":-16.7182706,"LONGITUDE":-49.26072,"TELEFONE":"(62)96262494","SITE":"EXEMPLOBUTECODOZEABILIO.COM","CNAE_DESCRICAO":"Lanchonetes casas de ch\u00e1 de sucos e similares"},{"CNPJ":753742000198,"RAZAO_SOCIAL":"MARINEUZA DA COSTA SAMPAIO","NOME_FANTASIA":"O RECANTO","RUA":"AVENIDA SURUBIM","NUMERO":"1179SW","COMPLEMENTO":null,"BAIRRO":"LOTEAMENTO CIDEZAL I","CIDADE":"SAPEZAL","ESTADO":"MT","CEP":78365000.0,"LATITUDE":null,"LONGITUDE":null,"TELEFONE":"(65)33831789","SITE":"EXEMPLOORECANTO.COM","CNAE_DESCRICAO":"Restaurantes e similares"},{"CNPJ":84932000160,"RAZAO_SOCIAL":"J C SILVA DE CANDEIAS","NOME_FANTASIA":"BAR TIA NENA","RUA":"RUA C","NUMERO":"05","COMPLEMENTO":"TERREO","BAIRRO":"URBIS I","CIDADE":"CANDEIAS","ESTADO":"BA","CEP":43806000.0,"LATITUDE":-14.85798,"LONGITUDE":-40.8201957,"TELEFONE":"(71)3151","SITE":"EXEMPLOBARTIANENA.COM","CNAE_DESCRICAO":"Lanchonetes casas de ch\u00e1 de sucos e similares"},{"CNPJ":84904000142,"RAZAO_SOCIAL":"VERA LUCIA FERREIRA DO CARMO","NOME_FANTASIA":"Indispon\u00edvel","RUA":"RUA MADALENA PARAGUASSU","NUMERO":"65","COMPLEMENTO":"TERREO","BAIRRO":"PAU MIUDO","CIDADE":"SALVADOR","ESTADO":"BA","CEP":40315360.0,"LATITUDE":-12.9599036,"LONGITUDE":-38.480808,"TELEFONE":"(71)32195899","SITE":"EXEMPLOIndispon\u00edvel.COM","CNAE_DESCRICAO":"Lanchonetes casas de ch\u00e1 de sucos e similares"},{"CNPJ":495241000159,"RAZAO_SOCIAL":"BAR E MERCADINHO CORDEIRO LTDA","NOME_FANTASIA":"Indispon\u00edvel","RUA":"PRACA ASTROGILDA GUIMARAES","NUMERO":"63","COMPLEMENTO":"A","BAIRRO":"GINASIO","CIDADE":"SERRINHA","ESTADO":"BA","CEP":48700000.0,"LATITUDE":-11.1417835,"LONGITUDE":-39.1679399,"TELEFONE":"(75)9154","SITE":"EXEMPLOIndispon\u00edvel.COM","CNAE_DESCRICAO":"Restaurantes e similares"},{"CNPJ":5628000180,"RAZAO_SOCIAL":"JOSE JAILSON FERREIRA DOS SANTOS & CIA LTDA","NOME_FANTASIA":"Indispon\u00edvel","RUA":"RODOVIA BA-262","NUMERO":"SN","COMPLEMENTO":null,"BAIRRO":"SAO PEDRO","CIDADE":"VITORIA DA CONQUISTA","ESTADO":"BA","CEP":45070330.0,"LATITUDE":-14.8494129,"LONGITUDE":-40.8886029,"TELEFONE":"(77)88264328","SITE":"EXEMPLOIndispon\u00edvel.COM","CNAE_DESCRICAO":"Bares e outros estabelecimentos especializados em servir bebidas com entretenimento"},{"CNPJ":676826000175,"RAZAO_SOCIAL":"SELSO SOARES DOS SANTOS","NOME_FANTASIA":"Indispon\u00edvel","RUA":"RUA BENICIO FREIRE","NUMERO":"83","COMPLEMENTO":"SETOR CASA","BAIRRO":"CENTRO","CIDADE":"ITABAIANINHA","ESTADO":"SE","CEP":49290000.0,"LATITUDE":-11.27782115,"LONGITUDE":-37.7929887896,"TELEFONE":"(79)9909","SITE":"EXEMPLOIndispon\u00edvel.COM","CNAE_DESCRICAO":"Restaurantes e similares"},{"CNPJ":63710000160,"RAZAO_SOCIAL":"MONICA PEREIRA DA SILVA COMERCIO DE LANCHES","NOME_FANTASIA":"MODA RIO COSMETICOS","RUA":"AVENIDA TANCREDO CAMPOS","NUMERO":"343","COMPLEMENTO":null,"BAIRRO":"INDUSTRIAL","CIDADE":"ARACAJU","ESTADO":"SE","CEP":49065780.0,"LATITUDE":-10.89565,"LONGITUDE":-37.0509151,"TELEFONE":"(79)99195129","SITE":"EXEMPLOMODARIOCOSMETICOS.COM","CNAE_DESCRICAO":"Servi\u00e7os ambulantes de alimenta\u00e7\u00e3o"},{"CNPJ":1143542000186,"RAZAO_SOCIAL":"ZEZITO ANTONIO ALVES","NOME_FANTASIA":"BAR E RESTAURANTE DO CARUARU","RUA":"LOTEAMENTO RIO FORMOSO II","NUMERO":"S\/N","COMPLEMENTO":"QUADRA K;LOTE 30","BAIRRO":"CENTRO","CIDADE":"TAMANDARE","ESTADO":"PE","CEP":55578000.0,"LATITUDE":-8.75571895,"LONGITUDE":-35.1031745378,"TELEFONE":"(81)36751612","SITE":"EXEMPLOBARERESTAURANTEDOCARUARU.COM","CNAE_DESCRICAO":"Restaurantes e similares"},{"CNPJ":108093000172,"RAZAO_SOCIAL":"HIRANO MEIRELLES PERDIGAO","NOME_FANTASIA":"Indispon\u00edvel","RUA":"RUA SENADOR POMPEU","NUMERO":"856","COMPLEMENTO":"QUIOSQUE B","BAIRRO":"CENTRO","CIDADE":"FORTALEZA","ESTADO":"CE","CEP":60025000.0,"LATITUDE":-4.2252946,"LONGITUDE":-38.9209686,"TELEFONE":"(85)25319","SITE":"EXEMPLOIndispon\u00edvel.COM","CNAE_DESCRICAO":"Servi\u00e7os ambulantes de alimenta\u00e7\u00e3o"},{"CNPJ":834001000131,"RAZAO_SOCIAL":"ANA LUCIA FELIX DE CASTRO ME","NOME_FANTASIA":"Indispon\u00edvel","RUA":"RUA SAMUEL UCHOA","NUMERO":"739","COMPLEMENTO":"LOJA B","BAIRRO":"JARDIM AMERICA","CIDADE":"FORTALEZA","ESTADO":"CE","CEP":60416170.0,"LATITUDE":-3.7523233,"LONGITUDE":-38.5423767,"TELEFONE":"(85)32121579","SITE":"EXEMPLOIndispon\u00edvel.COM","CNAE_DESCRICAO":"Restaurantes e similares"},{"CNPJ":104908000145,"RAZAO_SOCIAL":"JOSE JUCIER DE SOUZA 11232342807","NOME_FANTASIA":"MERCEARIA BONS AMIGOS","RUA":"RUA ANTONIO  FRANCISCO DE SOUZA","NUMERO":"262","COMPLEMENTO":null,"BAIRRO":"VILA SAO PEDRO","CIDADE":"JUCAS","ESTADO":"CE","CEP":63580000.0,"LATITUDE":null,"LONGITUDE":null,"TELEFONE":"(88)35171276","SITE":"EXEMPLOMERCEARIABONSAMIGOS.COM","CNAE_DESCRICAO":"Servi\u00e7os ambulantes de alimenta\u00e7\u00e3o"},{"CNPJ":2488662000188,"RAZAO_SOCIAL":"EMANUEL JOAQUIM MONTEIRO DOS SANTOS EIRELI","NOME_FANTASIA":"Indispon\u00edvel","RUA":"TRAVESSA QUINTINO BOCAIUVA","NUMERO":"1821","COMPLEMENTO":"LOJA  03","BAIRRO":"NAZARE","CIDADE":"BELEM","ESTADO":"PA","CEP":66035190.0,"LATITUDE":-1.4526114,"LONGITUDE":-48.4846813,"TELEFONE":"(91)881666","SITE":"EXEMPLOIndispon\u00edvel.COM","CNAE_DESCRICAO":"Restaurantes e similares"},{"CNPJ":461983000163,"RAZAO_SOCIAL":"DTP - EMPREENDIMENTOS LTDA","NOME_FANTASIA":"RAMBEER TASTING ROOM CAXIAS","RUA":"AVENIDA ALEXANDRE COSTA","NUMERO":"2860","COMPLEMENTO":"SALA  07 E 08","BAIRRO":"VILA LOBAO","CIDADE":"CAXIAS","ESTADO":"MA","CEP":65605515.0,"LATITUDE":null,"LONGITUDE":null,"TELEFONE":"(99)81313999","SITE":"EXEMPLORAMBEERTASTINGROOMCAXIAS.COM","CNAE_DESCRICAO":"Restaurantes e similares"},{"CNPJ":1621930000125,"RAZAO_SOCIAL":"CARLOS NEI RIGO","NOME_FANTASIA":"EXPRESSO CAFE EMPORIO","RUA":"AVENIDA BR 010","NUMERO":"832","COMPLEMENTO":null,"BAIRRO":"CENTRO","CIDADE":"ESTREITO","ESTADO":"MA","CEP":65975000.0,"LATITUDE":-5.2053142,"LONGITUDE":-44.8710572,"TELEFONE":"(99)91216664","SITE":"EXEMPLOEXPRESSOCAFEEMPORIO.COM","CNAE_DESCRICAO":"Restaurantes e similares"},{"CNPJ":982076000160,"RAZAO_SOCIAL":"E S SANTANA","NOME_FANTASIA":"Indispon\u00edvel","RUA":"AVENIDA JERUSALEM","NUMERO":"2658","COMPLEMENTO":null,"BAIRRO":"NOVA CAXIAS","CIDADE":"CAXIAS","ESTADO":"MA","CEP":65604310.0,"LATITUDE":-4.694565,"LONGITUDE":-43.783614,"TELEFONE":"(99)913538","SITE":"EXEMPLOIndispon\u00edvel.COM","CNAE_DESCRICAO":"Restaurantes e similares"}]