EIN (CNPJ),CORPORATE_NAME,TRADING NAME,STREET,ADDRESS_NUMBER,ADDRESS_COMPLEMENT,DISTRICT,CITY,STATE,ZIP_CODE
23030000113,GILMAR A FRARE,PADARIA MORUNGABA,PRAÇA JOAO PESSOA,142,,CENTRO,MORUNGABA,SP,13260000.0
15700000150,F. C. F. PESQUEIRO E RESTAURANTE LTDA,PESQUEIRO MURAYAMA,AVENIDA P.L. DO BRASIL,SM,KM    05,CENTRO,ARUJA,SP,7400630.0
1165656000127,BAR NASCIMENTO E SOUZA LTDA,Indisponível,RUA PRES. GETULIO DORNELES VARGAS,187,CASA  01,VILA NOVA MAIRINQUE,MAIRINQUE,SP,18120000.0
996000135,LL LANCHONETE LTDA,Indisponível,RUA VOLUNTARIOS DA PATRIA,512,TERREO520,SANTANA,SAO PAULO,SP,2010000.0
116504000171,WERDEN CONSULTORIA EMPRESARIAL E PARTICIPACOES LTDA,WERDEN BAR,RUA AMAURI,284,,ITAIM BIBI,SAO PAULO,SP,1448000.0
225869000134,ANTONIO FUKUMI SATO,Indisponível,RUA VOLTA GRANDE,226,,VILA CARRAO,SAO PAULO,SP,3436090.0
1340000137,LANCHONETE AQUI AGORA LTDA,Indisponível,RUA DAS OLARIAS,36,,CANINDE,SAO PAULO,SP,3030020.0
2692000107,PIZZARIA FERREIRA & COSTA LTDA,PIZZARIA CASA VELHA,RUA PARAPUA,1203,,FREGUESIA DO O,SAO PAULO,SP,2831001.0
14649000161,MEXI-YA RESTAURANTE LTDA,Indisponível,RUA SANTANA,81,,CENTRO,MOGI DAS CRUZES,SP,8710610.0
1151000164,JAZZ BURGER HAMBURGUERIA LTDA,Indisponível,AVENIDA BRIGADEIRO LUIZ ANTONIO,1740,FUNDOS,BELA VISTA,SAO PAULO,SP,1318002.0
17405000132,M.F. DE ARRUDA NETO,Indisponível,RUA JOSE DEL ROIO,672,,UBERABA,BRAGANCA PAULISTA,SP,12908844.0
7320000173,FABRICATTO PIZZAS PARA VIAGENS LTDA,Indisponível,RUA ITAPICURU,716,,PERDIZES,SAO PAULO,SP,5006000.0
1837904000139,CARLOS TADEO GRESPAN 08456740802,BAR DO TADEO,AVENIDA DR. ALIPIO FERREIRA,441,,CENTRO,PIRACAIA,SP,12970000.0
2623000101,MANOEL MEDEIROS DO NASCIMENTO,Indisponível,RUA JOSE UBEDA MARTINS,48,,JDIM NOVO OSASCO,OSASCO,SP,6142230.0
5858000149,ITABERABA POINT SUPER LANCHES LTDA,ITABERABA POINT,AVENIDA ITABERABA,5015,,ITABERABA,SAO PAULO,SP,2739000.0
2419765002997,HOTELARIA ACCORINVEST BRASIL S.A,Indisponível,AVENIDA VIEIRA SOUTO,00,      QC 11 E QC 12 E/F A       RUA MARIA QUITERIA,IPANEMA,RIO DE JANEIRO,RJ,22420002.0
8007000150,RESTAURANTE GOURMET DO PARQUE LTDA,Indisponível,RUA BRIGADEIRO HENRIQUE FONTENELLE,834,,PARQUE SAO DOMINGOS,SAO PAULO,SP,5125001.0
3289000100,LANCHONETE NUFER LTDA,Indisponível,RUA ALFREDO PUJOL,48,,SANTANA,SAO PAULO,SP,2017000.0
30113000130,E. R. GAZ FAST FOOD,FASHION BAR,RUA PAMPLONA,1464,,JARDIM PAULISTA,SAO PAULO,SP,1405002.0
253000165,FEIJAO COM ARROZ RESTAURANTE E LANCHONETE - EIRELI,Indisponível,ALAMEDA DOS AICAS,1501,,INDIANOPOLIS,SAO PAULO,SP,4086003.0
4854000146,MR. PAUL RESTAURANTE LTDA,Indisponível,RUA HENRIQUE MONTEIRO,148,,PINHEIROS,SAO PAULO,SP,5423020.0
118998000123,ELIANE MARIA ROSSI,LANCHONETE TREVO,AVENIDA SAPOPEMBA,506,,FAZENDA ORATORIO,SANTO ANDRE,SP,9250300.0
1592000166,BAR E LANCHES COPA 70 SANTO ANDRE LTDA,BAR E LANCHES COPA 70,RUA LUCINDA FERREIRA,55,,VILA LUCINDA,SANTO ANDRE,SP,9250680.0
28307000109,EDSON APARECIDO CESARIO,BAR E MERCEARIA LANCHONETE NOSSO CANTINHO,RUA JOSE PHILOMENO,60,,JARDIM ALEGRIA,ITUPEVA,SP,13295000.0
1249450000185,JACK BAR E RESTAURANTE LTDA,JACK BAR E RESTAURANTE,RUA LACERDA FRANCO,76,,VILA ARENS I,JUNDIAI,SP,13201750.0
4492000193,FRANCISCO FELIX DE SOUZA JUNDIAI,AKAZO COUNTRY BEER,RUA CICA,1944,,VILA RAMI,JUNDIAI,SP,13206235.0
6217000109,ANITA JUANA DOMINGUES RODRIGUEZ,RESTAURANTE E LANCHONETE MAGARENA,RUA PRESIDENTE ARTUR DA COSTA E SILVA,34,,PARQUE SAO VICENTE,MAUA,SP,9371490.0
2562582000125,OPTIONS AMERICAN BAR KARAOKE LTDA,Indisponível,RUA DA SAUDE,160,,CENTRO,JUNDIAI,SP,13207010.0
11517000186,MARISA RIGO,Indisponível,AVENIDA BARAO DE ITAPEMA,225,,CENTRO,ITATIBA,SP,13250020.0
4354000104,JOAQUIM GOMES CORREIA VILA VIRGINIA,BAR E LANCHONETE DA VILA-VIRGINIA,AVENIDA UBERABA,874,-,VL. VIRGINIA,ITAQUAQUECETUBA,SP,8573070.0
3606000180,BECAO DAS MASSAS DE SALTO LTDA,BECAO DAS MASSAS,AVENIDA DOM PEDRO II,1226,BOX   N. 212,CENTRO,SALTO,SP,13320240.0
15094000172,VARILE BAR LTDA,Indisponível,RUA ITACURUBA,289,,VILA MASCOTE,SAO PAULO,SP,4362070.0
3609000114,BLACK LABEL SOCIETY LANCHONETE LTDA,BLACK LABEL SOCIETY,AVENIDA FELICIANO CORREIA,S/N,      CANTINA,JARDIM SATELITE,SAO PAULO,SP,4815240.0
3066000135,LANCHONETE E BUFFET LUZ DO SOL LTDA,LANCHONETE E BUFFET LUZ DO SOL,RUA HIPOCRATES,17,,JARDIM DA SAUDE,SAO PAULO,SP,4149030.0
165752000102,AS MENINAS RECREACAO INFANTIL COMERCIO DE DOCES LTDA,CRIANCA & CIA,AVENIDA DOS TAJURAS,49,,CIDADE JARDIM,SAO PAULO,SP,5670000.0
21523000114,BAR MERCEARIA KOROIVA SOUZA LTDA,Indisponível,RUA JAMAICA,16,      D,PARQUE DAS AMERICAS,MAUA,SP,9351180.0
5414000103,RECANTO DO GREGO LANCHONETE LTDA,Indisponível,AVENIDA ALEXIOS JAFET,1109,,JARAGUA,SAO PAULO,SP,5187010.0
12511000123,RESTAURANTE E PIZZARIA MARDAN EIRELI,Indisponível,RUA PIO XII,378,,LIBERDADE,SAO PAULO,SP,1322030.0
130555000158,INDOOR DISCO CLUB LTDA,MESON,AVENIDA DOUTOR CARDOSO DE MELO,840,,VILA OLIMPIA,SAO PAULO,SP,4548003.0
9400000168,EMPORIUM DO FREI COMERCIO E IMPORTACAO LTDA,CORISSANT D'OR,RUA CAPITAO JOSE PARADA GONCALVES,222,E NUMERO 228,SANTANA,SAO PAULO,SP,2012080.0
10305000184,ITAIM COMERCIO DE ALIMENTOS LTDA,Indisponível,ESTRADA KIZAEMON TAKEUTI,1850,,JARDIM SUINA,TABOAO DA SERRA,SP,6775001.0
228240000148,ADEMIR BENEDITO PIRES,BARRACA DO ADEMIR,RUA GASPAR PEREIRA,244,,VILA PAULISTANIA,SAO PAULO,SP,3720120.0
14622000179,RESTAURANTE SUNSHINE SUSHI,SUNSHINE SUSHI,RUA DOUTOR SERGIO GONCALVES CHADDAD,154,,JARDIM GERMANIA,SAO PAULO,SP,5848040.0
2709447000160,USO FREQUENTE BAR E ENTRETENIMENTO LTDA,BARILOCHE BOLICHE BAR,RUA TIBURCIO DE SOUSA,879,,ITAIM PAULISTA,SAO PAULO,SP,8140000.0
13327000106,MERCADINHO COLINAS DA ANHANGUERA LTDA,Indisponível,RUA BENEDITO BELMONTE,14,,COLINAS DA ANHANGUERA,SANTANA DE PARNAIBA,SP,6537140.0
7403000162,PEDRO ROGERIO BELTRAME BRAGANCA,BAR DO PEDRAO,RUA ANTONIO GIORDANO BUZATO,11,,PARQUE BRASIL,BRAGANCA PAULISTA,SP,12900005.0
2293000146,DARCI CHIOVETTO CRUZEIRO,CACHORRO MALUCO LANCHES,PRACA NOVE DE JULHO,700,QUIOSQUE 06,CENTRO,CRUZEIRO,SP,12701000.0
956210000158,JEFFERSON PAIVA LOPES CRUZEIRO,MERCEARIA DO JEFINHO,RUA JOSE ALVES MIMOSO,40,,VL NOVAES,CRUZEIRO,SP,12711630.0
12539000160,VERA LUCIA RAMOS PAULO,Indisponível,RUA DOMINGOS ANTONIO FLORENZANO,662,,JARDIM NOVA LORENA,LORENA,SP,12602370.0
13120000123,DANIEL DE MEIRELLES,VILA GRILL,RUA LEONARDO COSTA GONCALVES,1014,,PARQUE MONTE VERDE,ITAMONTE,MG,37466000.0
2004326000112,CELESTE M.RIBEIRO TREMEMBE,RECANTO DO SOL,AVENIDA LUIZ GONZAGA DAS NEVES,2238,,CAMINHO NOVO,TREMEMBE,SP,12120000.0
18847000101,LANCHONETE DA MANA DE UBATUBA LTDA,QUIOSQUE DA MANA,RUA JOAO VITORIO,10,,ENSEADA,UBATUBA,SP,11680000.0
8527000162,J REIS & MARQUES LTDA,Indisponível,AVENIDA SAO JERONIMO,112,,JARDIM SAO JUDAS TADEU,SAO JOSE DOS CAMPOS,SP,12228350.0
2018642000143,SANTO COPO BAR E LANCHONETE LTDA,SANTO COPO BAR E PETISCARIA,RUA EDMUNDO DE SOUZA,400,,JARDIM AMERICA,JACAREI,SP,12322050.0
888000162,ADOLFINA MARIA NOVAIS SCHMIDT,Indisponível,AVENIDA PRESIDENTE CASTELO BRANCO,122,LOJA  1,CANTO DO FORTE,PRAIA GRANDE,SP,11700800.0
2509948000100,C DE J DA S SILVARES,BAR E RESTAURANTE MANSAO 013,RUA EUCLIDES DA CUNHA,180,,POMPEIA,SANTOS,SP,11065101.0
954000102,MARIA CRISTINA TIBERIO CORREA,DELICIAS DO BURACO QUENTE,RUA JOSE BONIFACIO,381,LOJA  07,CENTRO,SAO VICENTE,SP,11310080.0
1215000127,KHALED HAJ MAHMOUD,FLOR DE LIZ VESTUARIO,RUA GENERAL OTELO RODRIGUES FRANCO,27,CONJ  05                  ANDAR 1,CANTO DO FORTE,PRAIA GRANDE,SP,11700700.0
14573000174,DEUSDETE EVANGELISTA DA SILVA,Indisponível,AVENIDA BEIRA MAR,12696,,BALNEARIO SAO MARTINHO,ILHA COMPRIDA,SP,11925000.0
4758000106,JOSE GAMALIEL DE MORAES ME,"BAR, MERCEARIA E POUSADA MORAES",RUA EDWARD MANCIO,149,,ITAPEUNA,ELDORADO,SP,11960000.0
3643000199,C. RODRIGUES & RODRIGUES LTDA,Indisponível,RUA EXPEDICIONARIO,889,,CENTRO,OURINHOS,SP,19900041.0
2578000187,RUTH ALECIO DE PAULA LIMA,Indisponível,RUA QUATRO DE ABRIL,387,LOJA  12,CENTRO,MARILIA,SP,17500011.0
977535000117,MARIA IZABEL DE ARAUJO BASTOS,BAR II IRMAOS,RUA 10 DE NOVEMBRO,1257,LETRA B,CENTRO,BASTOS,SP,17690000.0
12291000138,LUIS CLAUDIO NICOLETI BASTOS,BAR E MERCEARIA NICOLETI,RUA VALDEVINO FERNANDES,380,,VILA ITATIAIA,BASTOS,SP,17690000.0
6090000128,J ELIAS CONCHAS,Indisponível,RUA SAO PAULO,213,,CENTRO,CONCHAS,SP,18570000.0
9143000164,JOSE CARLOS MENDONCA-MERCEARIA,Indisponível,AVENIDA FABIANO PEREIRA SILVA,472,,VILA FABIANO,SANTA CRUZ DO RIO PARDO,SP,18913052.0
1760553000296,GAIQUER & FERREIRA LTDA,Indisponível,RUA DO EXPEDICIONARIO,1145,,CENTRO,OURINHOS,SP,19900041.0
5099000114,SOLANGE DELFINA DE JESUS LOPES,PIZZARIA DO JOAO,RUA ORDALIA BENEDITA DE SOUZA,16,,JARDIM JOSANE,SOROCABA,SP,18087320.0
3379000193,MARIA TEREZA LAGES DE MORAIS,Indisponível,RUA JOAO MARIANO  RIBAS,1269,X-X-X-X,CENTRO,ITARARE,SP,18460000.0
20797000199,GILBERTO PEREIRA NOGUEIRA LTDA,Indisponível,AVENIDA DOUTOR ADHEMAR PEREIRA DE BARROS,538,,VILA SUCONASA,ARARAQUARA,SP,14807040.0
12764000105,PRIMATAS BEER RESTAURANTE LTDA,PRIMATAS BEER,RUA TOTO LEITE,543,      A,JARDIM RICETTI,SAO CARLOS,SP,13570010.0
15069000199,ATEMIR ALBA MAZAROSKI RIBEIRAO PRETO,BAR DO PEIXE,RUA ORLANDIA,1123,,JARDIM PAULISTA,RIBEIRAO PRETO,SP,14090240.0
28554000105,BAR DA CELINA LTDA,BAR DA CELINA,RUA JOSE AISSUM,125,,PARQUE DOS BANDEIRANTES,RIBEIRAO PRETO,SP,14090370.0
5838000178,JOSE ANTONIO FERNANDES - DOCES,Indisponível,TRAVESSA SAO MATHEUS,113,,SUMAREZINHO,RIBEIRAO PRETO,SP,14055564.0
3273000190,SILVIA HELENA RIGONI DO PRADO SANTOS,BAR DO FELIZ,RUA JOSE GUADENCIO DE OLIVEIRA,215,,JDM PAIVA I,RIBEIRAO PRETO,SP,14056840.0
9475000149,RONALDO BRUNATO,Indisponível,RUA AMADOR BUENO,574,,CENTRO,RIBEIRAO PRETO,SP,14010070.0
201743000120,ANTONIO FALEIROS PEREIRA JUNIOR FRANCA,Indisponível,AVENIDA DR. HELIO PALERMO,2637,,CENTRO,FRANCA,SP,14405130.0
2010574000176,JOSE THOMAS DE CARVALHO,CENTRO ETILICO CULTURAL GASTRONOMICO,AVENIDA CALIL JOSE DIB,140,,VILA SARGI,TAQUARITINGA,SP,15901030.0
25907000105,MARAILTO GONCALVES PEDROSO,PANCETA'S BAR - PETISCARIA E LANCHONETE,RUA ANITA GARIBALDI,1.344,,CAMPOS ELISEOS,RIBEIRAO PRETO,SP,14085480.0
1966828000161,JOSE MANDU DE MELO ARARAQUARA,BAR E LANCHONETE 2001,AVENIDA CYRO CARNEIRO JUNQUEIRA,113,SETOR 4,SELMI DEI,ARARAQUARA,SP,14806364.0
2421327000162,GONZAGA E SOUZA LTDA,Indisponível,AVENIDA GUERINO ABRAMO PAPPA,550,,SAO ROQUE,JABOTICABAL,SP,14871250.0
5370000111,RESTAURANTE O CASARAO DE BARRETOS LTDA,RESTAURANTE O CASARAO,RUA 6,855,,CENTRO,BARRETOS,SP,14780010.0
130391000169,MARLI NOGUEIRA VICOZO CARVALHO,Indisponível,RUA PROGRESSO,96,,COESTER,FERNANDOPOLIS,SP,15600001.0
17767000123,GETULIO CARRETEIRO BAR,BAR DO GETULIO,AVENIDA SANTA TEREZINHA,1735,,JARDIM PROGRESSO,MAGDA,SP,15310000.0
224963000179,ANTONIO MARCO BOSSOLANI,BAR SAO JOSE,RUA LAZARO DA SILVA BRUNO,322,,SERRINHA,TABAPUA,SP,15880000.0
2434251000100,JOSE PEREIRA DA SILVA LUTECIA,BAR DO REINO UNIDO,RUA XAVIER DE VASCONCELOS,97,,VILA MARIALVES,ASSIS,SP,19804600.0
30040000186,J.ANDRE F. BARBOSA,ZAO EVENTOS,AVENIDA JOAO LEME,477,,CENTRO,PANORAMA,SP,17980000.0
2284796000187,ANTONIO JOSE LOURENCO DA SILVA,BAR E MERCEARIA DO ANTONIO,AVENIDA ALVARO COELHO,457,,CENTRO,MARABA PAULISTA,SP,19430000.0
1730457000114,APARECIDA DALVA BRAZOLOTO,BAR DONA DALVA,RUA BARTOLOMEU BUENO,30,,JARDIM ALVORADA,OSVALDO CRUZ,SP,17700000.0
918544000137,LUIS ANTONIO DUARTE PANORAMA,PRONTO SOCORRO DA CERVEJA II,RUA DOMINGOS CHIARARIA,2575,CASA  1,MARRECAS,PANORAMA,SP,17980000.0
2635156000174,R S BERNARDES TARUMA,Indisponível,RUA AGUA MARINHA,203,CASA,VILA CRISTAL,TARUMA,SP,19820000.0
2687000102,TABERNA COUNTRY LANCHONETE EIRELI,BELL PAO,AVENIDA HERMINIA DE ANDRADE COUTO E SILVA,7,      105,PARQUE SAO QUIRINO,CAMPINAS,SP,13088340.0
12093000174,JLC COMERCIO DE ALIMENTOS LTDA,Indisponível,AVENIDA CORONEL SILVA TELES,407,,CAMBUI,CAMPINAS,SP,13024000.0
16052000156,ILDA MARIA ONGARATTO JUNQUEIRA,Indisponível,AVENIDA 2,64,,CHACARAS REUNIDAS ANHANGUERA,NOVA ODESSA,SP,13380001.0
910090000158,MARIA APARECIDA S COMBINATO CASA BRANCA,"JULIANO LANCHES, PIZZAS E PORCOES",RUA LUIZ PIZA,787,LOJA,CENTRO,CASA BRANCA,SP,13700000.0
10939000137,ANTONIO P. COELHO,Indisponível,RUA DR. MOACIR DO AMARAL,161,,JARDIM BELA VISTA,COSMOPOLIS,SP,13150001.0
2038654000130,BAR DO ZEZINHO VALINHOS LTDA,BAR DO ZEZINHO,RUA DOS MANACAS,384,,JARDIM VITORIA REGIAS,VALINHOS,SP,13273030.0
199685000147,ROSILENE GASPARINI LIMA,Indisponível,RUA ANA PEREIRA EICHEMBERG,55,,PARQUE ROSA SILVA,SUMARE,SP,13173220.0
9276000130,MARILDA APARECIDA MORAES MELLO BERNARDI,CONFECCOES BRUVITHA,RUA JOSE DE FREITAS,34,      SALA B,CENTRO,LINDOIA,SP,13950000.0
3824000115,PIZZARIA MIKELLY DE AMERICANA LTDA,PIZZARIA MIKELLY,AVENIDA CAMPOS SALLES,1680,,VILA LOURICILDA,AMERICANA,SP,13465590.0
361144000173,ERMITA DOS SANTOS 17558461855,BAR RAIMUNDINHO,RUA MATEUS CICCONE,79,,JD BRASIL,SANTA CRUZ DAS PALMEIRAS,SP,13650000.0
144483000106,ANTONIO CARLOS ALVES AMERICANA,Indisponível,RUA DOS GIRASSOIS,298,,CIDADE JARDIM II,AMERICANA,SP,13467130.0
262324000106,FERNANDO R BRANDAO,BALA NA BOCA DISTRIBUIDORA DE DOCES,RUA JACINTA ROSA DE SAO JOSE,250,,PARQUE INDUSTRIAL,CAMPINAS,SP,13031670.0
180049000173,HORTIFFREE COMERCIO DE ALIMENTOS LTDA,Indisponível,RUA LEANDRO MARTINS,59,,CENTRO,RIO DE JANEIRO,RJ,20080070.0
2589061000161,ALLEATO GRILL LTDA,Indisponível,RUA JOSE LOURENCO AZEVEDO,181,,ROCHA,SAO GONCALO,RJ,24421300.0
91870000113,DON TUKA BAR E LANCHONETE EIRELI,LORO S AE,ESTRADA GUANDU DO SAPE,25,"LOJA  A,B,C,D",CAMPO GRANDE,RIO DE JANEIRO,RJ,23090032.0
176136000157,PRA LA DE BAGDA DOCES E SALGADOS LTDA,ARAB,AVENIDA BORGES DE MEDEIROS,S/N,QUIOSQ9-PARQUE DOS PATINS,LAGOA,RIO DE JANEIRO,RJ,22430042.0
1436319000550,NOVA RIOTEL EMPREENDIMENTOS HOTELEIROS LTDA,TROPIK,AVENIDA ATLANTICA,00,      QC 47 E QC 48 E/F         AV RAINHA ELIZABETH       DA BELGICA,COPACABANA,RIO DE JANEIRO,RJ,22070002.0
2728524000129,J. C. SANTOS DE AZEVEDO ACOUGUE AVIARIO E MERCEARIA,Indisponível,AVENIDA SIMAO DA MOTTA,347,LOJA B,CENTRO,MAGE,RJ,25900001.0
59904000192,BAR E MERCEARIA COSTA RICA LTDA,COSTA RICA BEBIDAS,AVENIDA CESARIO DE MELO,13058,      RUA VINTE E UM N 136      LOJA A,SANTA CRUZ,RIO DE JANEIRO,RJ,23590060.0
783038000188,MATRIARCA COMERCIO DE ALIMENTOS LTDA,QUIOSQUE PIRATAS,AVENIDA LUCIO COSTA,00,      ILHA 22 QUIOSQUE          44A,BARRA DA TIJUCA,RIO DE JANEIRO,RJ,22795006.0
96865000101,JOSE ANTONIO DE SOUZA RESENDE,COQUE PIT,RUA VISCONDE DO CAIRU,356,,GUARANI,CABO FRIO,RJ,28909310.0
2213210000193,A. R. CANTO MERCEARIA E DEPOSITO,BAR DO EDU,RUA AGENOR MEDEIROS,33,LOJA  1,VINHATEIRO,SAO PEDRO DA ALDEIA,RJ,28943506.0
810767000186,ASTERITO VALADAO E FOLETTO BAR E RESTAURANTE LTDA,PIER LOUNGE,AVENIDA SAQUAREMA,883,,PORTO NOVO,SAQUAREMA,RJ,28991311.0
709511000187,DILCIMAR CAETANO DA SILVA,Indisponível,RUA JOAQUIM PEREIRA BISPO,475,LOTE  06,SAO JORGE,NOVA FRIBURGO,RJ,28633615.0
108202000151,ARMAZEM COQUEIRO LTDA,ARMAZEM COQUEIRO,ESTRADA DO CABRAL,0,,CABRAL,PARATY,RJ,23970000.0
208531000174,CHAMA GOLE COMERCIO DE BEBIDAS E ALIMENTOS LTDA,Indisponível,RUA NAIR DURAO GUIMARAES,407,,TRES BARRAS,LINHARES,ES,29907040.0
2708144000122,MARIA APARECIDA DA PAIXAO - BOM LANCHES,QUIOSQUE SOL E MAR,AVENIDA DANTE MICHELINI,4740,QUIOSQ: 31;,JARDIM CAMBURI,VITORIA,ES,29090070.0
2129685000104,SANDRO CRIBARI SOARES,CERIMONIAL GAIA,RUA KOREA,"03,04",,PORTAL DE JACARAIPE,SERRA,ES,29173835.0
81013000132,BAR E LANCHONETE BR LTDA,Indisponível,AVENIDA SANTOS DUMONT,387,,CENTRO,BELO HORIZONTE,MG,30111040.0
885263000125,12/12 BARBARA CHADID SALAZAR LTDA,ARENA ATAIDE,AVENIDA DOM PEDRO II,5102,SETOR: 05 E 07;,JARDIM MONTANHES,BELO HORIZONTE,MG,30750000.0
2592537000113,ROMULO COSTA ALVES,ESPANTA CRISE CAFE,AVENIDA DO CONTORNO,1790,LJ A,FLORESTA,BELO HORIZONTE,MG,30110008.0
93654000107,BAR E RESTAURANTE PANORAMA LTDA,BAR E RESTAURANTE PANORAMA,RUA EDUARDO CARLOS,5,LOJA;,ARAGUAIA,BELO HORIZONTE,MG,30620440.0
66180000104,NISIO FONTES SALGADO,NISIO 'S BAR,RUA CONTAGEM,1395,LOJA: A;,SANTA INES,BELO HORIZONTE,MG,31080255.0
691848000104,BAR & LANCHONETE DO EXPEDITO LTDA,BAR DO EXPEDITO,RUA DA CONCEICAO,405,LETRA A,PRAIA,ITABIRA,MG,35900281.0
1095299000178,LEONARDO TEIXEIRA DE SOUZA,Indisponível,RUA IMBIACA,350,LOJA  B,DOM CABRAL,BELO HORIZONTE,MG,30535100.0
82324000116,BAR E LANCHONETE CARIBE LTDA,BAR DO CLAUDIO,AVENIDA BRASIL,125,LOJA;,SANTA EFIGENIA,BELO HORIZONTE,MG,30140000.0
2650223000120,LUIZ CARLOS DE OLIVEIRA,TABERNA BAR,RUA JORGE ELIAS,1593,,SAO SEBASTIAO,TOMBOS,MG,36844000.0
1631114000100,MANUEL NATALINO COELHO,MANUEL DO GAIDE,AVENIDA GENTIL CALDEIRA,30,,CANTINHO DO CEU,MUTUM,MG,36955000.0
1631114000283,MANUEL NATALINO COELHO,BAR MANUEL DO GAIDE,RUA DR. ARTUR EUTROPIO,16,,CANTINHO DO CEU,MUTUM,MG,36955000.0
1785218000161,MARIA NILZA ALVES DE MACEDO E CIA LTDA,CHURRASCARIA BOI NA BRASA,AVENIDA FIRMIANO LACERDA,495,,JOAQUIM D. DOS PRAZERES,SANTA MARIA DO SUACUI,MG,39780000.0
1546054000209,PADARIA SANTOS LTDA,CASCATA BAR,RUA SAO FRANCISCO,61,,CENTRO,ALMENARA,MG,39900000.0
1962017000192,JACINTO LUCIO DA COSTA CPF 484.556.796-20,MAITRE BUFFET,RUA MARIA MARTINS DO AMARAL,63,,CIDADE JARDIM,SANTO ANTONIO DO MONTE,MG,35560000.0
2344336000105,NEUZA ALVES DE OLIVEIRA,SEU CAETANO GRIL,AVENIDA AYRTON SENNA DA SILVA,591,,SANTA ROSA,DIVINOPOLIS,MG,35500765.0
1636345000280,VANIA APARECIDA SALES MOREIRA,BAR ESQUINA DA QUITANDA,RUA DA QUITANDA,39,,CENTRO,DIAMANTINA,MG,39100000.0
130282000141,BAR & SNOOKER COBRAS LTDA,BAR E SNOOKER COBRAS,AVENIDA MARECHAL FLORIANO PEIXOTO,374,,CENTRO,CURITIBA,PR,80010130.0
1618844000163,HOTTEL 418 BAR E ENTRETENIMENTO LTDA,HOTTEL 418,RUA BARAO DO RIO BRANCO,418,TERREO,CENTRO,CURITIBA,PR,80010180.0
668542000137,RODEO COUNTRY BAR EIRELI,RODEO CONTRY BAR,RODOVIA BR 116,4100,,ATUBA,CURITIBA,PR,82590100.0
12928000196,J.R.DA SILVA AMERICANA-ME,Indisponível,AVENIDA AFONSO SCHIMIDT,635,,ANTONIO ZANAGA II,AMERICANA,SP,13474510.0
127219000156,CELI AMILTON DOS ANJOS,BAR DO CELI,RUA JOAO PESSOA,1530,,CENTRO,CAMPO LARGO,PR,83601060.0
117166000192,ISABEL YAIKO MORITA,FRANGONETE E ROTISSERIA KI FRANGU'S,RUA PREFEITO ROQUE VERNALHA,1245,SALA  1,VILA PARANAGUA,PARANAGUA,PR,83221000.0
2790253000131,MARIA DO ROCIO SANTOS-LANCHONETE,VALTER'S BAR,RUA MARCIO N. GONCALVES,80,,ESTRADINHA,PARANAGUA,PR,83206466.0
1514418000180,DLM LANCHONETE LTDA,CHURRASKOL,RUA LUIZ TRAMONTIN,2180,,CIDADE INDUSTRIAL,CURITIBA,PR,81230161.0
58541000170,Q COISA BOA BAR LTDA,BUTECO TOMAUMA,RUA MATEUS LEME,2631,,BOM RETIRO,CURITIBA,PR,80520174.0
1906570000108,CROSSROADS BAR LTDA,CROSSROADS,AVENIDA IGUACU,2310,,AGUA VERDE,CURITIBA,PR,80240031.0
2748664000169,NEUZA FURTADO DA COSTA,Indisponível,RUA CONSELHEIRO ZACARIAS,521,,VILA SANTANA,PITANGA,PR,85200000.0
102191000100,BOZOLA - COMERCIO DE CACHACAS LTDA.,AGUA DOCE CACHACARIA,AVENIDA SANTOS DUMONT,1.339,CASA,JARDIM AEROPORTO,LONDRINA,PR,86039090.0
111505000123,V RODRIGUES - DRINKS BAR,Indisponível,RUA CRISTOVAO CARDOSO DE BARROS,168,,JARDIM NOVO SABARA,LONDRINA,PR,86066040.0
1958555000103,JUVALDIR SOARES DA SILVA,JUBAR,RUA ARY MARTINSKI,286,,PEDRINHA 2,JAGUARIAIVA,PR,84200000.0
90979000136,JOSE LUIZ SIQUEIRA,Indisponível,RUA JOSE LEONIDAS NERONE,80,,JARDIM ANDRADE,MARINGA,PR,87035450.0
79379000177,D ANTONIO DA SILVA PADARIA,Indisponível,RUA FOZ DO AREIA,630,,JARDIM EBENEZER,MARINGA,PR,87035340.0
102189000123,KOZAN E SILVA LTDA,ARCAM,VIA ROSALINA MARIA DOS SANTOS,1697,,AREA URBANIZADA I,CAMPO MOURAO,PR,87301899.0
66265000192,JOSE ADAO DEMKO LANCHONETE,Indisponível,RUA DA CONSOLACAO,351,,CENTRO,MARIA HELENA,PR,87480000.0
70273000102,VANDA DA SILVA LANCHONETE,LANCHONETE PONTO CERTO,AVENIDA MATE LARANJEIRA,1221,SALA  1,CENTRO,GUAIRA,PR,85980000.0
1725040000163,PAULO BRAZ CAMARGO 40798178949,Indisponível,AVENIDA PAULISTA,603,,JUVINOPOLIS,CASCAVEL,PR,85821000.0
130210000102,EDEMAR DOBERSTEIN,Indisponível,RODOVIA PR 488,SN,,CHACARA 116,SANTA HELENA,PR,85892000.0
2570948000108,RIBEIRAO LANCHES LTDA,CAPITAO BAR,AVENIDA JORGE SCHIMMELPFENG,288,,CENTRO,FOZ DO IGUACU,PR,85851110.0
1664669000140,ROSANGELA SUSZEK,ESPETINHOS DO ELEMAR,AVENIDA RIO GRANDE DO SUL,2800,SALA  02/ QUADRA 01 LOTE 02,JARDIM MARECHAL,MARECHAL CANDIDO RONDON,PR,85960000.0
59578000113,L. N. DE JESUS & CIA LTDA,Indisponível,RUA ISRAEL V. SILVEIRA,1637,,NOVA CIDADE,CASCAVEL,PR,85803040.0
2649308000198,BAR CONTORNO SUL LTDA,Indisponível,RUA SANTA MARIA GORETTI,844,,SAO MIGUEL,FRANCISCO BELTRAO,PR,85602370.0
1251580000152,NELCI ALVES DA SILVA,BAILAO CANTINHO DO SONHO THE FRIENDS,RUA 716 C,380,,VARZEA,ITAPEMA,SC,88220000.0
2579730000114,BARBA RUIVA LTDA,AHOY TAVERN CLUB,RUA SAO PAULO,2083,,ITOUPAVA SECA,BLUMENAU,SC,89030000.0
1001141000191,LUCIMARA BORN ALBINO,PIER 104 SUSHI HOUSE,AVENIDA BEIRA RIO,104,,CENTRO,BALNEARIO DE PICARRAS,SC,88380000.0
70990000134,ELASIO GERMANO & CIA LTDA,BAR DO ELASIO,AVENIDA GILBERTO COMANDOLLI,361,,CENTRO,VIDAL RAMOS,SC,88443000.0
1445511000180,JURACI MARIA DEPINE,LA BODEGUINA DEL JOVEM,RUA BARAO DO RIO BRANCO,1807,,GAVEA,RODEIO,SC,89136000.0
140450000180,BAR E MERCEARIA NELSON JUST LTDA,Indisponível,RUA RIBEIRAO SOUTO,1450,,TESTO CENTRAL,POMERODE,SC,89107000.0
2461759000105,ANTONIO DA SILVA O ROCHA,BAR E MERCEARIA SILVA,RUA DOS HOLANDESES,55,,PIRABEIRABA,JOINVILLE,SC,89239250.0
96130000170,CARLOS ALBERTO VIZCAYCHIPI DE AGUIAR,HOTEL E RESTAURANTE 6.000,RUA ROUXINOL,460,,BALNEARIO UIRAPURU,ITAPOA,SC,89249000.0
2423805000173,CLAUDETE HOLLES MOURA,Indisponível,ESTRADA LOC. DE GUARANI,SN,,GUARANI,PAPANDUVA,SC,89370000.0
1758703000146,AGNALDO LORENCETTI,BOTECO 100 NOME,RUA OSCAR VIEIRA,1026,,CEDRO,CAMBORIU,SC,88340434.0
132934000187,TREVO-LAR BAR E COMERCIO DE GENEROS ALIMENTICIOS LTDA,TREVO-LAR BAR,RUA PROF ROGERIO TAVARES,135,,VILA NOVA,IMBITUBA,SC,88780000.0
168223000162,H E LEMOS BASISCO,BASISCO,TRAVESSA OSVALDO BURIGO,5,,CENTRO,NOVA VENEZA,SC,88865000.0
94430000110,ILDO CARDOSO DA SILVA,BAR DO CARDOSO,RUA DORVALINA GUERREIRO,116,SALA 02,CONCEICAO,ZORTEA,SC,89633000.0
2107857000130,PAULO CAMPAGNARO,BAR VELHO CASARAO,AVENIDA MICHELLE SIMONETTI,1065,,SAO MIGUEL,FRAIBURGO,SC,89580000.0
1724200000150,MARILENE BAHLIS DO NASCIMENTO,LENA PROMOCOES E EVENTOS,AVENIDA PRINCESA ISABEL,795,      TERREO FRENTE/FUNDOS,SANTANA,PORTO ALEGRE,RS,90620001.0
78090000133,XIS PONTO 100 LANCHES RAPIDOS LTDA,Indisponível,AVENIDA PROTASIO ALVES,6227,,PETROPOLIS,PORTO ALEGRE,RS,91310003.0
916042000177,JOSE BATISTA FERREIRA MARTINS,CHAPS BILLIARD CLUB,RUA GENERAL JOSE ANTONIO FLORES DA CUNHA,674,LOJA  1,CENTRO,SAPIRANGA,RS,93800010.0
184434000199,MARCELO DAL PIZZOL,STOCK FELIZ,RUA IRMAO WEIBERT,345,,CENTRO,BOM PRINCIPIO,RS,95765000.0
232153000164,PADARIA E CONFEITARIA HAMBURGO LTDA,Indisponível,RUA MEXICO,287,,SANTO AFONSO,NOVO HAMBURGO,RS,93420310.0
486600000101,MARIA IZABEL DOS SANTOS BAR,REQUINTE DRINKS,RUA DOS MARINHEIROS,390,,ORIENTAL,ESTRELA,RS,95880000.0
134747000132,BAR E LANCHERIA JHA LTDA,LANCHERIA RIBEIRO,AVENIDA GETULIO VARGAS,4554,CASA,VILA MARIA REGINA,ALVORADA,RS,94818001.0
1933727000194,LURDES CARDOSO,LINS PUB,RUA JORGE SPERB,257,,CENTRO,TRAMANDAI,RS,95590000.0
788005000120,MORIMORI ENTRETENIMENTO LTDA,CASA DE EVENTOS,AVENIDA TRAMANDAI,339,LOJA 1,IPANEMA,PORTO ALEGRE,RS,90001970.0
790201000130,ADAO JORGE PECH MARQUES,COMETAS BAR,AVENIDA ALEGRIA,25,,ALEGRIA,GUAIBA,RS,92727090.0
101074000203,MINIMERCADO UBEL LTDA,Indisponível,RUA MAURICIO CARDOSO,SN,,TEUTONIA,TEUTONIA,RS,95890000.0
1181869000142,P.A.G. NUNES,MARAGATOS,RUA JORNALISTA MARIO TOSCANO BARBOSA,25,,WILSON,SANTANA DO LIVRAMENTO,RS,97577450.0
2596192000176,GILVANIA BRITTES 68451130097,NOSSO BAR,ESTRADA ESTADUAL ESQUINA JABUTICABA,SN,,INTERIOR,BARRA DO GUARITA,RS,98530000.0
2428112000173,ZENI ZORAIDA GERMANO,LANCHERIA E RESTAURANTE METALUTAIA,ESTRADA BR 285 KM,414,      INTERIOR,LINHA ENCARNACAO,PANAMBI,RS,98280000.0
537767000154,NELSON BATISTA,BAR E MINIMERCADO BATISTA,RUA VEREADOR ADIL FAGUNDES BENTES,199,,SANTO ANTONIO,ROSARIO DO SUL,RS,97590000.0
37929000195,ANTONIA BARBOSA DOS SANTOS,BAR E MERCEARIA,,35,,ASA NORTE,BRASILIA,DF,70750536.0
3251000120,MAC COMERCIO DE ALIMENTOS LTDA,MACS BAR,ESTACAO PLATAFORMA RODOVIARIA PLATAFORMA INFERIOR LOJA 26,S/N,,PLANO PILOTO,BRASILIA,DF,70089970.0
2225414000144,MM RESTAURANTE E PIZZARIA LTDA,MARIA MARIA,QUADRA QNP 18 CONJUNTO B CASA 02 E CONJUNTO C CASA,01,,CEILANDIA,BRASILIA,DF,72231802.0
6379000147,CHURRASCARIA DO LAGO AGUAS CLARAS LTDA,Indisponível,AVENIDA ASSIS CHATEAUBRIAND,S/N,,AGUAS CLARAS,LUZIANIA,GO,72812030.0
2459781000102,DISK BEBIDAS ZERO GRAU COMERCIO EIRELI,ARRUMADINHO ZERO GRAU,QUADRA CSB 6 LOTE,08,LOJA  09,TAGUATINGA SUL (TAGUATINGA),BRASILIA,DF,72015565.0
131936000151,DDAS COMERCIO DE ALIMENTOS LTDA,Indisponível,RUA S-6,462,CONJ.202 Q.S26 LT.3/4,SETOR BELA VISTA,GOIANIA,GO,74823470.0
31575000171,ALESANDRO GABRIELE DI MAIO - BAR G D M,BAR GDM,RUA COUTO MAGALHAES,614,QUADRA04                  LOTE  13,CIDADE JARDIM,GOIANIA,GO,74425350.0
102822000183,TANIA REGINA PARISI,CHACARA 10,RUA ANTONIO ALVES NETO,SN,QUADRAC                   LOTE  10A,JARDIM MARIA INES,APARECIDA DE GOIANIA,GO,74914050.0
2460107000148,MARCOS ROGERIO PEREIRA DA SILVA,BITS PASTEIS,AVENIDA ANHANGUERA,14546,QUADRAU                   LOTE  01,PARQUE INDUSTRIAL PAULISTA,GOIANIA,GO,74463125.0
131261000140,JOSE ABILIO ALVES FERREIRA,BUTECO DO ZE ABILIO,RUA S 4,S/N,QUADRAS18                 LOJA  22,SETOR BELA VISTA,GOIANIA,GO,74823450.0
753742000198,MARINEUZA DA COSTA SAMPAIO,O RECANTO,AVENIDA SURUBIM,1179SW,,LOTEAMENTO CIDEZAL I,SAPEZAL,MT,78365000.0
84932000160,J C SILVA DE CANDEIAS,BAR TIA NENA,RUA C,05,TERREO,URBIS I,CANDEIAS,BA,43806000.0
84904000142,VERA LUCIA FERREIRA DO CARMO,Indisponível,RUA MADALENA PARAGUASSU,65,TERREO,PAU MIUDO,SALVADOR,BA,40315360.0
495241000159,BAR E MERCADINHO CORDEIRO LTDA,Indisponível,PRACA ASTROGILDA GUIMARAES,63,A,GINASIO,SERRINHA,BA,48700000.0
5628000180,JOSE JAILSON FERREIRA DOS SANTOS & CIA LTDA,Indisponível,RODOVIA BA-262,SN,,SAO PEDRO,VITORIA DA CONQUISTA,BA,45070330.0
676826000175,SELSO SOARES DOS SANTOS,Indisponível,RUA BENICIO FREIRE,83,SETOR CASA,CENTRO,ITABAIANINHA,SE,49290000.0
63710000160,MONICA PEREIRA DA SILVA COMERCIO DE LANCHES,MODA RIO COSMETICOS,AVENIDA TANCREDO CAMPOS,343,,INDUSTRIAL,ARACAJU,SE,49065780.0
1143542000186,ZEZITO ANTONIO ALVES,BAR E RESTAURANTE DO CARUARU,LOTEAMENTO RIO FORMOSO II,S/N,QUADRA K;LOTE 30,CENTRO,TAMANDARE,PE,55578000.0
108093000172,HIRANO MEIRELLES PERDIGAO,Indisponível,RUA SENADOR POMPEU,856,QUIOSQUE B,CENTRO,FORTALEZA,CE,60025000.0
834001000131,ANA LUCIA FELIX DE CASTRO ME,Indisponível,RUA SAMUEL UCHOA,739,LOJA B,JARDIM AMERICA,FORTALEZA,CE,60416170.0
104908000145,JOSE JUCIER DE SOUZA 11232342807,MERCEARIA BONS AMIGOS,RUA ANTONIO  FRANCISCO DE SOUZA,262,,VILA SAO PEDRO,JUCAS,CE,63580000.0
2488662000188,EMANUEL JOAQUIM MONTEIRO DOS SANTOS EIRELI,Indisponível,TRAVESSA QUINTINO BOCAIUVA,1821,LOJA  03,NAZARE,BELEM,PA,66035190.0
461983000163,DTP - EMPREENDIMENTOS LTDA,RAMBEER TASTING ROOM CAXIAS,AVENIDA ALEXANDRE COSTA,2860,SALA  07 E 08,VILA LOBAO,CAXIAS,MA,65605515.0
1621930000125,CARLOS NEI RIGO,EXPRESSO CAFE EMPORIO,AVENIDA BR 010,832,,CENTRO,ESTREITO,MA,65975000.0
982076000160,E S SANTANA,Indisponível,AVENIDA JERUSALEM,2658,,NOVA CAXIAS,CAXIAS,MA,65604310.0
