[{"EIN (CNPJ)":23030000113,"CORPORATE_NAME":"GILMAR A FRARE","TRADING NAME":"PADARIA MORUNGABA","STREET":"PRA\u00c7A JOAO PESSOA","ADDRESS_NUMBER":"142","ADDRESS_COMPLEMENT":null,"DISTRICT":"CENTRO","CITY":"MORUNGABA","STATE":"SP","ZIP_CODE":13260000.0},{"EIN (CNPJ)":15700000150,"CORPORATE_NAME":"F. C. F. PESQUEIRO E RESTAURANTE LTDA","TRADING NAME":"PESQUEIRO MURAYAMA","STREET":"AVENIDA P.L. DO BRASIL","ADDRESS_NUMBER":"SM","ADDRESS_COMPLEMENT":"KM    05","DISTRICT":"CENTRO","CITY":"ARUJA","STATE":"SP","ZIP_CODE":7400630.0},{"EIN (CNPJ)":1165656000127,"CORPORATE_NAME":"BAR NASCIMENTO E SOUZA LTDA","TRADING NAME":"Indispon\u00edvel","STREET":"RUA PRES. GETULIO DORNELES VARGAS","ADDRESS_NUMBER":"187","ADDRESS_COMPLEMENT":"CASA  01","DISTRICT":"VILA NOVA MAIRINQUE","CITY":"MAIRINQUE","STATE":"SP","ZIP_CODE":18120000.0},{"EIN (CNPJ)":996000135,"CORPORATE_NAME":"LL LANCHONETE LTDA","TRADING NAME":"Indispon\u00edvel","STREET":"RUA VOLUNTARIOS DA PATRIA","ADDRESS_NUMBER":"512","ADDRESS_COMPLEMENT":"TERREO520","DISTRICT":"SANTANA","CITY":"SAO PAULO","STATE":"SP","ZIP_CODE":2010000.0},{"EIN (CNPJ)":116504000171,"CORPORATE_NAME":"WERDEN CONSULTORIA EMPRESARIAL E PARTICIPACOES LTDA","TRADING NAME":"WERDEN BAR","STREET":"RUA AMAURI","ADDRESS_NUMBER":"284","ADDRESS_COMPLEMENT":null,"DISTRICT":"ITAIM BIBI","CITY":"SAO PAULO","STATE":"SP","ZIP_CODE":1448000.0},{"EIN (CNPJ)":225869000134,"CORPORATE_NAME":"ANTONIO FUKUMI SATO","TRADING NAME":"Indispon\u00edvel","STREET":"RUA VOLTA GRANDE","ADDRESS_NUMBER":"226","ADDRESS_COMPLEMENT":null,"DISTRICT":"VILA CARRAO","CITY":"SAO PAULO","STATE":"SP","ZIP_CODE":3436090.0},{"EIN (CNPJ)":1340000137,"CORPORATE_NAME":"LANCHONETE AQUI AGORA LTDA","TRADING NAME":"Indispon\u00edvel","STREET":"RUA DAS OLARIAS","ADDRESS_NUMBER":"36","ADDRESS_COMPLEMENT":null,"DISTRICT":"CANINDE","CITY":"SAO PAULO","STATE":"SP","ZIP_CODE":3030020.0},{"EIN (CNPJ)":2692000107,"CORPORATE_NAME":"PIZZARIA FERREIRA & COSTA LTDA","TRADING NAME":"PIZZARIA CASA VELHA","STREET":"RUA PARAPUA","ADDRESS_NUMBER":"1203","ADDRESS_COMPLEMENT":null,"DISTRICT":"FREGUESIA DO O","CITY":"SAO PAULO","STATE":"SP","ZIP_CODE":2831001.0},{"EIN (CNPJ)":14649000161,"CORPORATE_NAME":"MEXI-YA RESTAURANTE LTDA","TRADING NAME":"Indispon\u00edvel","STREET":"RUA SANTANA","ADDRESS_NUMBER":"81","ADDRESS_COMPLEMENT":null,"DISTRICT":"CENTRO","CITY":"MOGI DAS CRUZES","STATE":"SP","ZIP_CODE":8710610.0},{"EIN (CNPJ)":1151000164,"CORPORATE_NAME":"JAZZ BURGER HAMBURGUERIA LTDA","TRADING NAME":"Indispon\u00edvel","STREET":"AVENIDA BRIGADEIRO LUIZ ANTONIO","ADDRESS_NUMBER":"1740","ADDRESS_COMPLEMENT":"FUNDOS","DISTRICT":"BELA VISTA","CITY":"SAO PAULO","STATE":"SP","ZIP_CODE":1318002.0},{"EIN (CNPJ)":17405000132,"CORPORATE_NAME":"M.F. DE ARRUDA NETO","TRADING NAME":"Indispon\u00edvel","STREET":"RUA JOSE DEL ROIO","ADDRESS_NUMBER":"672","ADDRESS_COMPLEMENT":null,"DISTRICT":"UBERABA","CITY":"BRAGANCA PAULISTA","STATE":"SP","ZIP_CODE":12908844.0},{"EIN (CNPJ)":7320000173,"CORPORATE_NAME":"FABRICATTO PIZZAS PARA VIAGENS LTDA","TRADING NAME":"Indispon\u00edvel","STREET":"RUA ITAPICURU","ADDRESS_NUMBER":"716","ADDRESS_COMPLEMENT":null,"DISTRICT":"PERDIZES","CITY":"SAO PAULO","STATE":"SP","ZIP_CODE":5006000.0},{"EIN (CNPJ)":1837904000139,"CORPORATE_NAME":"CARLOS TADEO GRESPAN 08456740802","TRADING NAME":"BAR DO TADEO","STREET":"AVENIDA DR. ALIPIO FERREIRA","ADDRESS_NUMBER":"441","ADDRESS_COMPLEMENT":null,"DISTRICT":"CENTRO","CITY":"PIRACAIA","STATE":"SP","ZIP_CODE":12970000.0},{"EIN (CNPJ)":2623000101,"CORPORATE_NAME":"MANOEL MEDEIROS DO NASCIMENTO","TRADING NAME":"Indispon\u00edvel","STREET":"RUA JOSE UBEDA MARTINS","ADDRESS_NUMBER":"48","ADDRESS_COMPLEMENT":null,"DISTRICT":"JDIM NOVO OSASCO","CITY":"OSASCO","STATE":"SP","ZIP_CODE":6142230.0},{"EIN (CNPJ)":5858000149,"CORPORATE_NAME":"ITABERABA POINT SUPER LANCHES LTDA","TRADING NAME":"ITABERABA POINT","STREET":"AVENIDA ITABERABA","ADDRESS_NUMBER":"5015","ADDRESS_COMPLEMENT":null,"DISTRICT":"ITABERABA","CITY":"SAO PAULO","STATE":"SP","ZIP_CODE":2739000.0},{"EIN (CNPJ)":2419765002997,"CORPORATE_NAME":"HOTELARIA ACCORINVEST BRASIL S.A","TRADING NAME":"Indispon\u00edvel","STREET":"AVENIDA VIEIRA SOUTO","ADDRESS_NUMBER":"00","ADDRESS_COMPLEMENT":"      QC 11 E QC 12 E\/F A       RUA MARIA QUITERIA","DISTRICT":"IPANEMA","CITY":"RIO DE JANEIRO","STATE":"RJ","ZIP_CODE":22420002.0},{"EIN (CNPJ)":8007000150,"CORPORATE_NAME":"RESTAURANTE GOURMET DO PARQUE LTDA","TRADING NAME":"Indispon\u00edvel","STREET":"RUA BRIGADEIRO HENRIQUE FONTENELLE","ADDRESS_NUMBER":"834","ADDRESS_COMPLEMENT":null,"DISTRICT":"PARQUE SAO DOMINGOS","CITY":"SAO PAULO","STATE":"SP","ZIP_CODE":5125001.0},{"EIN (CNPJ)":3289000100,"CORPORATE_NAME":"LANCHONETE NUFER LTDA","TRADING NAME":"Indispon\u00edvel","STREET":"RUA ALFREDO PUJOL","ADDRESS_NUMBER":"48","ADDRESS_COMPLEMENT":null,"DISTRICT":"SANTANA","CITY":"SAO PAULO","STATE":"SP","ZIP_CODE":2017000.0},{"EIN (CNPJ)":30113000130,"CORPORATE_NAME":"E. R. GAZ FAST FOOD","TRADING NAME":"FASHION BAR","STREET":"RUA PAMPLONA","ADDRESS_NUMBER":"1464","ADDRESS_COMPLEMENT":null,"DISTRICT":"JARDIM PAULISTA","CITY":"SAO PAULO","STATE":"SP","ZIP_CODE":1405002.0},{"EIN (CNPJ)":253000165,"CORPORATE_NAME":"FEIJAO COM ARROZ RESTAURANTE E LANCHONETE - EIRELI","TRADING NAME":"Indispon\u00edvel","STREET":"ALAMEDA DOS AICAS","ADDRESS_NUMBER":"1501","ADDRESS_COMPLEMENT":null,"DISTRICT":"INDIANOPOLIS","CITY":"SAO PAULO","STATE":"SP","ZIP_CODE":4086003.0},{"EIN (CNPJ)":4854000146,"CORPORATE_NAME":"MR. PAUL RESTAURANTE LTDA","TRADING NAME":"Indispon\u00edvel","STREET":"RUA HENRIQUE MONTEIRO","ADDRESS_NUMBER":"148","ADDRESS_COMPLEMENT":null,"DISTRICT":"PINHEIROS","CITY":"SAO PAULO","STATE":"SP","ZIP_CODE":5423020.0},{"EIN (CNPJ)":118998000123,"CORPORATE_NAME":"ELIANE MARIA ROSSI","TRADING NAME":"LANCHONETE TREVO","STREET":"AVENIDA SAPOPEMBA","ADDRESS_NUMBER":"506","ADDRESS_COMPLEMENT":null,"DISTRICT":"FAZENDA ORATORIO","CITY":"SANTO ANDRE","STATE":"SP","ZIP_CODE":9250300.0},{"EIN (CNPJ)":1592000166,"CORPORATE_NAME":"BAR E LANCHES COPA 70 SANTO ANDRE LTDA","TRADING NAME":"BAR E LANCHES COPA 70","STREET":"RUA LUCINDA FERREIRA","ADDRESS_NUMBER":"55","ADDRESS_COMPLEMENT":null,"DISTRICT":"VILA LUCINDA","CITY":"SANTO ANDRE","STATE":"SP","ZIP_CODE":9250680.0},{"EIN (CNPJ)":28307000109,"CORPORATE_NAME":"EDSON APARECIDO CESARIO","TRADING NAME":"BAR E MERCEARIA LANCHONETE NOSSO CANTINHO","STREET":"RUA JOSE PHILOMENO","ADDRESS_NUMBER":"60","ADDRESS_COMPLEMENT":null,"DISTRICT":"JARDIM ALEGRIA","CITY":"ITUPEVA","STATE":"SP","ZIP_CODE":13295000.0},{"EIN (CNPJ)":1249450000185,"CORPORATE_NAME":"JACK BAR E RESTAURANTE LTDA","TRADING NAME":"JACK BAR E RESTAURANTE","STREET":"RUA LACERDA FRANCO","ADDRESS_NUMBER":"76","ADDRESS_COMPLEMENT":null,"DISTRICT":"VILA ARENS I","CITY":"JUNDIAI","STATE":"SP","ZIP_CODE":13201750.0},{"EIN (CNPJ)":4492000193,"CORPORATE_NAME":"FRANCISCO FELIX DE SOUZA JUNDIAI","TRADING NAME":"AKAZO COUNTRY BEER","STREET":"RUA CICA","ADDRESS_NUMBER":"1944","ADDRESS_COMPLEMENT":null,"DISTRICT":"VILA RAMI","CITY":"JUNDIAI","STATE":"SP","ZIP_CODE":13206235.0},{"EIN (CNPJ)":6217000109,"CORPORATE_NAME":"ANITA JUANA DOMINGUES RODRIGUEZ","TRADING NAME":"RESTAURANTE E LANCHONETE MAGARENA","STREET":"RUA PRESIDENTE ARTUR DA COSTA E SILVA","ADDRESS_NUMBER":"34","ADDRESS_COMPLEMENT":null,"DISTRICT":"PARQUE SAO VICENTE","CITY":"MAUA","STATE":"SP","ZIP_CODE":9371490.0},{"EIN (CNPJ)":2562582000125,"CORPORATE_NAME":"OPTIONS AMERICAN BAR KARAOKE LTDA","TRADING NAME":"Indispon\u00edvel","STREET":"RUA DA SAUDE","ADDRESS_NUMBER":"160","ADDRESS_COMPLEMENT":null,"DISTRICT":"CENTRO","CITY":"JUNDIAI","STATE":"SP","ZIP_CODE":13207010.0},{"EIN (CNPJ)":11517000186,"CORPORATE_NAME":"MARISA RIGO","TRADING NAME":"Indispon\u00edvel","STREET":"AVENIDA BARAO DE ITAPEMA","ADDRESS_NUMBER":"225","ADDRESS_COMPLEMENT":null,"DISTRICT":"CENTRO","CITY":"ITATIBA","STATE":"SP","ZIP_CODE":13250020.0},{"EIN (CNPJ)":4354000104,"CORPORATE_NAME":"JOAQUIM GOMES CORREIA VILA VIRGINIA","TRADING NAME":"BAR E LANCHONETE DA VILA-VIRGINIA","STREET":"AVENIDA UBERABA","ADDRESS_NUMBER":"874","ADDRESS_COMPLEMENT":"-","DISTRICT":"VL. VIRGINIA","CITY":"ITAQUAQUECETUBA","STATE":"SP","ZIP_CODE":8573070.0},{"EIN (CNPJ)":3606000180,"CORPORATE_NAME":"BECAO DAS MASSAS DE SALTO LTDA","TRADING NAME":"BECAO DAS MASSAS","STREET":"AVENIDA DOM PEDRO II","ADDRESS_NUMBER":"1226","ADDRESS_COMPLEMENT":"BOX   N. 212","DISTRICT":"CENTRO","CITY":"SALTO","STATE":"SP","ZIP_CODE":13320240.0},{"EIN (CNPJ)":15094000172,"CORPORATE_NAME":"VARILE BAR LTDA","TRADING NAME":"Indispon\u00edvel","STREET":"RUA ITACURUBA","ADDRESS_NUMBER":"289","ADDRESS_COMPLEMENT":null,"DISTRICT":"VILA MASCOTE","CITY":"SAO PAULO","STATE":"SP","ZIP_CODE":4362070.0},{"EIN (CNPJ)":3609000114,"CORPORATE_NAME":"BLACK LABEL SOCIETY LANCHONETE LTDA","TRADING NAME":"BLACK LABEL SOCIETY","STREET":"AVENIDA FELICIANO CORREIA","ADDRESS_NUMBER":"S\/N","ADDRESS_COMPLEMENT":"      CANTINA","DISTRICT":"JARDIM SATELITE","CITY":"SAO PAULO","STATE":"SP","ZIP_CODE":4815240.0},{"EIN (CNPJ)":3066000135,"CORPORATE_NAME":"LANCHONETE E BUFFET LUZ DO SOL LTDA","TRADING NAME":"LANCHONETE E BUFFET LUZ DO SOL","STREET":"RUA HIPOCRATES","ADDRESS_NUMBER":"17","ADDRESS_COMPLEMENT":null,"DISTRICT":"JARDIM DA SAUDE","CITY":"SAO PAULO","STATE":"SP","ZIP_CODE":4149030.0},{"EIN (CNPJ)":165752000102,"CORPORATE_NAME":"AS MENINAS RECREACAO INFANTIL COMERCIO DE DOCES LTDA","TRADING NAME":"CRIANCA & CIA","STREET":"AVENIDA DOS TAJURAS","ADDRESS_NUMBER":"49","ADDRESS_COMPLEMENT":null,"DISTRICT":"CIDADE JARDIM","CITY":"SAO PAULO","STATE":"SP","ZIP_CODE":5670000.0},{"EIN (CNPJ)":21523000114,"CORPORATE_NAME":"BAR MERCEARIA KOROIVA SOUZA LTDA","TRADING NAME":"Indispon\u00edvel","STREET":"RUA JAMAICA","ADDRESS_NUMBER":"16","ADDRESS_COMPLEMENT":"      D","DISTRICT":"PARQUE DAS AMERICAS","CITY":"MAUA","STATE":"SP","ZIP_CODE":9351180.0},{"EIN (CNPJ)":5414000103,"CORPORATE_NAME":"RECANTO DO GREGO LANCHONETE LTDA","TRADING NAME":"Indispon\u00edvel","STREET":"AVENIDA ALEXIOS JAFET","ADDRESS_NUMBER":"1109","ADDRESS_COMPLEMENT":null,"DISTRICT":"JARAGUA","CITY":"SAO PAULO","STATE":"SP","ZIP_CODE":5187010.0},{"EIN (CNPJ)":12511000123,"CORPORATE_NAME":"RESTAURANTE E PIZZARIA MARDAN EIRELI","TRADING NAME":"Indispon\u00edvel","STREET":"RUA PIO XII","ADDRESS_NUMBER":"378","ADDRESS_COMPLEMENT":null,"DISTRICT":"LIBERDADE","CITY":"SAO PAULO","STATE":"SP","ZIP_CODE":1322030.0},{"EIN (CNPJ)":130555000158,"CORPORATE_NAME":"INDOOR DISCO CLUB LTDA","TRADING NAME":"MESON","STREET":"AVENIDA DOUTOR CARDOSO DE MELO","ADDRESS_NUMBER":"840","ADDRESS_COMPLEMENT":null,"DISTRICT":"VILA OLIMPIA","CITY":"SAO PAULO","STATE":"SP","ZIP_CODE":4548003.0},{"EIN (CNPJ)":9400000168,"CORPORATE_NAME":"EMPORIUM DO FREI COMERCIO E IMPORTACAO LTDA","TRADING NAME":"CORISSANT D'OR","STREET":"RUA CAPITAO JOSE PARADA GONCALVES","ADDRESS_NUMBER":"222","ADDRESS_COMPLEMENT":"E NUMERO 228","DISTRICT":"SANTANA","CITY":"SAO PAULO","STATE":"SP","ZIP_CODE":2012080.0},{"EIN (CNPJ)":10305000184,"CORPORATE_NAME":"ITAIM COMERCIO DE ALIMENTOS LTDA","TRADING NAME":"Indispon\u00edvel","STREET":"ESTRADA KIZAEMON TAKEUTI","ADDRESS_NUMBER":"1850","ADDRESS_COMPLEMENT":null,"DISTRICT":"JARDIM SUINA","CITY":"TABOAO DA SERRA","STATE":"SP","ZIP_CODE":6775001.0},{"EIN (CNPJ)":228240000148,"CORPORATE_NAME":"ADEMIR BENEDITO PIRES","TRADING NAME":"BARRACA DO ADEMIR","STREET":"RUA GASPAR PEREIRA","ADDRESS_NUMBER":"244","ADDRESS_COMPLEMENT":null,"DISTRICT":"VILA PAULISTANIA","CITY":"SAO PAULO","STATE":"SP","ZIP_CODE":3720120.0},{"EIN (CNPJ)":14622000179,"CORPORATE_NAME":"RESTAURANTE SUNSHINE SUSHI","TRADING NAME":"SUNSHINE SUSHI","STREET":"RUA DOUTOR SERGIO GONCALVES CHADDAD","ADDRESS_NUMBER":"154","ADDRESS_COMPLEMENT":null,"DISTRICT":"JARDIM GERMANIA","CITY":"SAO PAULO","STATE":"SP","ZIP_CODE":5848040.0},{"EIN (CNPJ)":2709447000160,"CORPORATE_NAME":"USO FREQUENTE BAR E ENTRETENIMENTO LTDA","TRADING NAME":"BARILOCHE BOLICHE BAR","STREET":"RUA TIBURCIO DE SOUSA","ADDRESS_NUMBER":"879","ADDRESS_COMPLEMENT":null,"DISTRICT":"ITAIM PAULISTA","CITY":"SAO PAULO","STATE":"SP","ZIP_CODE":8140000.0},{"EIN (CNPJ)":13327000106,"CORPORATE_NAME":"MERCADINHO COLINAS DA ANHANGUERA LTDA","TRADING NAME":"Indispon\u00edvel","STREET":"RUA BENEDITO BELMONTE","ADDRESS_NUMBER":"14","ADDRESS_COMPLEMENT":null,"DISTRICT":"COLINAS DA ANHANGUERA","CITY":"SANTANA DE PARNAIBA","STATE":"SP","ZIP_CODE":6537140.0},{"EIN (CNPJ)":7403000162,"CORPORATE_NAME":"PEDRO ROGERIO BELTRAME BRAGANCA","TRADING NAME":"BAR DO PEDRAO","STREET":"RUA ANTONIO GIORDANO BUZATO","ADDRESS_NUMBER":"11","ADDRESS_COMPLEMENT":null,"DISTRICT":"PARQUE BRASIL","CITY":"BRAGANCA PAULISTA","STATE":"SP","ZIP_CODE":12900005.0},{"EIN (CNPJ)":2293000146,"CORPORATE_NAME":"DARCI CHIOVETTO CRUZEIRO","TRADING NAME":"CACHORRO MALUCO LANCHES","STREET":"PRACA NOVE DE JULHO","ADDRESS_NUMBER":"700","ADDRESS_COMPLEMENT":"QUIOSQUE 06","DISTRICT":"CENTRO","CITY":"CRUZEIRO","STATE":"SP","ZIP_CODE":12701000.0},{"EIN (CNPJ)":956210000158,"CORPORATE_NAME":"JEFFERSON PAIVA LOPES CRUZEIRO","TRADING NAME":"MERCEARIA DO JEFINHO","STREET":"RUA JOSE ALVES MIMOSO","ADDRESS_NUMBER":"40","ADDRESS_COMPLEMENT":null,"DISTRICT":"VL NOVAES","CITY":"CRUZEIRO","STATE":"SP","ZIP_CODE":12711630.0},{"EIN (CNPJ)":12539000160,"CORPORATE_NAME":"VERA LUCIA RAMOS PAULO","TRADING NAME":"Indispon\u00edvel","STREET":"RUA DOMINGOS ANTONIO FLORENZANO","ADDRESS_NUMBER":"662","ADDRESS_COMPLEMENT":null,"DISTRICT":"JARDIM NOVA LORENA","CITY":"LORENA","STATE":"SP","ZIP_CODE":12602370.0},{"EIN (CNPJ)":13120000123,"CORPORATE_NAME":"DANIEL DE MEIRELLES","TRADING NAME":"VILA GRILL","STREET":"RUA LEONARDO COSTA GONCALVES","ADDRESS_NUMBER":"1014","ADDRESS_COMPLEMENT":null,"DISTRICT":"PARQUE MONTE VERDE","CITY":"ITAMONTE","STATE":"MG","ZIP_CODE":37466000.0},{"EIN (CNPJ)":2004326000112,"CORPORATE_NAME":"CELESTE M.RIBEIRO TREMEMBE","TRADING NAME":"RECANTO DO SOL","STREET":"AVENIDA LUIZ GONZAGA DAS NEVES","ADDRESS_NUMBER":"2238","ADDRESS_COMPLEMENT":null,"DISTRICT":"CAMINHO NOVO","CITY":"TREMEMBE","STATE":"SP","ZIP_CODE":12120000.0},{"EIN (CNPJ)":18847000101,"CORPORATE_NAME":"LANCHONETE DA MANA DE UBATUBA LTDA","TRADING NAME":"QUIOSQUE DA MANA","STREET":"RUA JOAO VITORIO","ADDRESS_NUMBER":"10","ADDRESS_COMPLEMENT":null,"DISTRICT":"ENSEADA","CITY":"UBATUBA","STATE":"SP","ZIP_CODE":11680000.0},{"EIN (CNPJ)":8527000162,"CORPORATE_NAME":"J REIS & MARQUES LTDA","TRADING NAME":"Indispon\u00edvel","STREET":"AVENIDA SAO JERONIMO","ADDRESS_NUMBER":"112","ADDRESS_COMPLEMENT":null,"DISTRICT":"JARDIM SAO JUDAS TADEU","CITY":"SAO JOSE DOS CAMPOS","STATE":"SP","ZIP_CODE":12228350.0},{"EIN (CNPJ)":2018642000143,"CORPORATE_NAME":"SANTO COPO BAR E LANCHONETE LTDA","TRADING NAME":"SANTO COPO BAR E PETISCARIA","STREET":"RUA EDMUNDO DE SOUZA","ADDRESS_NUMBER":"400","ADDRESS_COMPLEMENT":null,"DISTRICT":"JARDIM AMERICA","CITY":"JACAREI","STATE":"SP","ZIP_CODE":12322050.0},{"EIN (CNPJ)":888000162,"CORPORATE_NAME":"ADOLFINA MARIA NOVAIS SCHMIDT","TRADING NAME":"Indispon\u00edvel","STREET":"AVENIDA PRESIDENTE CASTELO BRANCO","ADDRESS_NUMBER":"122","ADDRESS_COMPLEMENT":"LOJA  1","DISTRICT":"CANTO DO FORTE","CITY":"PRAIA GRANDE","STATE":"SP","ZIP_CODE":11700800.0},{"EIN (CNPJ)":2509948000100,"CORPORATE_NAME":"C DE J DA S SILVARES","TRADING NAME":"BAR E RESTAURANTE MANSAO 013","STREET":"RUA EUCLIDES DA CUNHA","ADDRESS_NUMBER":"180","ADDRESS_COMPLEMENT":null,"DISTRICT":"POMPEIA","CITY":"SANTOS","STATE":"SP","ZIP_CODE":11065101.0},{"EIN (CNPJ)":954000102,"CORPORATE_NAME":"MARIA CRISTINA TIBERIO CORREA","TRADING NAME":"DELICIAS DO BURACO QUENTE","STREET":"RUA JOSE BONIFACIO","ADDRESS_NUMBER":"381","ADDRESS_COMPLEMENT":"LOJA  07","DISTRICT":"CENTRO","CITY":"SAO VICENTE","STATE":"SP","ZIP_CODE":11310080.0},{"EIN (CNPJ)":1215000127,"CORPORATE_NAME":"KHALED HAJ MAHMOUD","TRADING NAME":"FLOR DE LIZ VESTUARIO","STREET":"RUA GENERAL OTELO RODRIGUES FRANCO","ADDRESS_NUMBER":"27","ADDRESS_COMPLEMENT":"CONJ  05                  ANDAR 1","DISTRICT":"CANTO DO FORTE","CITY":"PRAIA GRANDE","STATE":"SP","ZIP_CODE":11700700.0},{"EIN (CNPJ)":14573000174,"CORPORATE_NAME":"DEUSDETE EVANGELISTA DA SILVA","TRADING NAME":"Indispon\u00edvel","STREET":"AVENIDA BEIRA MAR","ADDRESS_NUMBER":"12696","ADDRESS_COMPLEMENT":null,"DISTRICT":"BALNEARIO SAO MARTINHO","CITY":"ILHA COMPRIDA","STATE":"SP","ZIP_CODE":11925000.0},{"EIN (CNPJ)":4758000106,"CORPORATE_NAME":"JOSE GAMALIEL DE MORAES ME","TRADING NAME":"BAR, MERCEARIA E POUSADA MORAES","STREET":"RUA EDWARD MANCIO","ADDRESS_NUMBER":"149","ADDRESS_COMPLEMENT":null,"DISTRICT":"ITAPEUNA","CITY":"ELDORADO","STATE":"SP","ZIP_CODE":11960000.0},{"EIN (CNPJ)":3643000199,"CORPORATE_NAME":"C. RODRIGUES & RODRIGUES LTDA","TRADING NAME":"Indispon\u00edvel","STREET":"RUA EXPEDICIONARIO","ADDRESS_NUMBER":"889","ADDRESS_COMPLEMENT":null,"DISTRICT":"CENTRO","CITY":"OURINHOS","STATE":"SP","ZIP_CODE":19900041.0},{"EIN (CNPJ)":2578000187,"CORPORATE_NAME":"RUTH ALECIO DE PAULA LIMA","TRADING NAME":"Indispon\u00edvel","STREET":"RUA QUATRO DE ABRIL","ADDRESS_NUMBER":"387","ADDRESS_COMPLEMENT":"LOJA  12","DISTRICT":"CENTRO","CITY":"MARILIA","STATE":"SP","ZIP_CODE":17500011.0},{"EIN (CNPJ)":977535000117,"CORPORATE_NAME":"MARIA IZABEL DE ARAUJO BASTOS","TRADING NAME":"BAR II IRMAOS","STREET":"RUA 10 DE NOVEMBRO","ADDRESS_NUMBER":"1257","ADDRESS_COMPLEMENT":"LETRA B","DISTRICT":"CENTRO","CITY":"BASTOS","STATE":"SP","ZIP_CODE":17690000.0},{"EIN (CNPJ)":12291000138,"CORPORATE_NAME":"LUIS CLAUDIO NICOLETI BASTOS","TRADING NAME":"BAR E MERCEARIA NICOLETI","STREET":"RUA VALDEVINO FERNANDES","ADDRESS_NUMBER":"380","ADDRESS_COMPLEMENT":null,"DISTRICT":"VILA ITATIAIA","CITY":"BASTOS","STATE":"SP","ZIP_CODE":17690000.0},{"EIN (CNPJ)":6090000128,"CORPORATE_NAME":"J ELIAS CONCHAS","TRADING NAME":"Indispon\u00edvel","STREET":"RUA SAO PAULO","ADDRESS_NUMBER":"213","ADDRESS_COMPLEMENT":null,"DISTRICT":"CENTRO","CITY":"CONCHAS","STATE":"SP","ZIP_CODE":18570000.0},{"EIN (CNPJ)":9143000164,"CORPORATE_NAME":"JOSE CARLOS MENDONCA-MERCEARIA","TRADING NAME":"Indispon\u00edvel","STREET":"AVENIDA FABIANO PEREIRA SILVA","ADDRESS_NUMBER":"472","ADDRESS_COMPLEMENT":null,"DISTRICT":"VILA FABIANO","CITY":"SANTA CRUZ DO RIO PARDO","STATE":"SP","ZIP_CODE":18913052.0},{"EIN (CNPJ)":1760553000296,"CORPORATE_NAME":"GAIQUER & FERREIRA LTDA","TRADING NAME":"Indispon\u00edvel","STREET":"RUA DO EXPEDICIONARIO","ADDRESS_NUMBER":"1145","ADDRESS_COMPLEMENT":null,"DISTRICT":"CENTRO","CITY":"OURINHOS","STATE":"SP","ZIP_CODE":19900041.0},{"EIN (CNPJ)":5099000114,"CORPORATE_NAME":"SOLANGE DELFINA DE JESUS LOPES","TRADING NAME":"PIZZARIA DO JOAO","STREET":"RUA ORDALIA BENEDITA DE SOUZA","ADDRESS_NUMBER":"16","ADDRESS_COMPLEMENT":null,"DISTRICT":"JARDIM JOSANE","CITY":"SOROCABA","STATE":"SP","ZIP_CODE":18087320.0},{"EIN (CNPJ)":3379000193,"CORPORATE_NAME":"MARIA TEREZA LAGES DE MORAIS","TRADING NAME":"Indispon\u00edvel","STREET":"RUA JOAO MARIANO  RIBAS","ADDRESS_NUMBER":"1269","ADDRESS_COMPLEMENT":"X-X-X-X","DISTRICT":"CENTRO","CITY":"ITARARE","STATE":"SP","ZIP_CODE":18460000.0},{"EIN (CNPJ)":20797000199,"CORPORATE_NAME":"GILBERTO PEREIRA NOGUEIRA LTDA","TRADING NAME":"Indispon\u00edvel","STREET":"AVENIDA DOUTOR ADHEMAR PEREIRA DE BARROS","ADDRESS_NUMBER":"538","ADDRESS_COMPLEMENT":null,"DISTRICT":"VILA SUCONASA","CITY":"ARARAQUARA","STATE":"SP","ZIP_CODE":14807040.0},{"EIN (CNPJ)":12764000105,"CORPORATE_NAME":"PRIMATAS BEER RESTAURANTE LTDA","TRADING NAME":"PRIMATAS BEER","STREET":"RUA TOTO LEITE","ADDRESS_NUMBER":"543","ADDRESS_COMPLEMENT":"      A","DISTRICT":"JARDIM RICETTI","CITY":"SAO CARLOS","STATE":"SP","ZIP_CODE":13570010.0},{"EIN (CNPJ)":15069000199,"CORPORATE_NAME":"ATEMIR ALBA MAZAROSKI RIBEIRAO PRETO","TRADING NAME":"BAR DO PEIXE","STREET":"RUA ORLANDIA","ADDRESS_NUMBER":"1123","ADDRESS_COMPLEMENT":null,"DISTRICT":"JARDIM PAULISTA","CITY":"RIBEIRAO PRETO","STATE":"SP","ZIP_CODE":14090240.0},{"EIN (CNPJ)":28554000105,"CORPORATE_NAME":"BAR DA CELINA LTDA","TRADING NAME":"BAR DA CELINA","STREET":"RUA JOSE AISSUM","ADDRESS_NUMBER":"125","ADDRESS_COMPLEMENT":null,"DISTRICT":"PARQUE DOS BANDEIRANTES","CITY":"RIBEIRAO PRETO","STATE":"SP","ZIP_CODE":14090370.0},{"EIN (CNPJ)":5838000178,"CORPORATE_NAME":"JOSE ANTONIO FERNANDES - DOCES","TRADING NAME":"Indispon\u00edvel","STREET":"TRAVESSA SAO MATHEUS","ADDRESS_NUMBER":"113","ADDRESS_COMPLEMENT":null,"DISTRICT":"SUMAREZINHO","CITY":"RIBEIRAO PRETO","STATE":"SP","ZIP_CODE":14055564.0},{"EIN (CNPJ)":3273000190,"CORPORATE_NAME":"SILVIA HELENA RIGONI DO PRADO SANTOS","TRADING NAME":"BAR DO FELIZ","STREET":"RUA JOSE GUADENCIO DE OLIVEIRA","ADDRESS_NUMBER":"215","ADDRESS_COMPLEMENT":null,"DISTRICT":"JDM PAIVA I","CITY":"RIBEIRAO PRETO","STATE":"SP","ZIP_CODE":14056840.0},{"EIN (CNPJ)":9475000149,"CORPORATE_NAME":"RONALDO BRUNATO","TRADING NAME":"Indispon\u00edvel","STREET":"RUA AMADOR BUENO","ADDRESS_NUMBER":"574","ADDRESS_COMPLEMENT":null,"DISTRICT":"CENTRO","CITY":"RIBEIRAO PRETO","STATE":"SP","ZIP_CODE":14010070.0},{"EIN (CNPJ)":201743000120,"CORPORATE_NAME":"ANTONIO FALEIROS PEREIRA JUNIOR FRANCA","TRADING NAME":"Indispon\u00edvel","STREET":"AVENIDA DR. HELIO PALERMO","ADDRESS_NUMBER":"2637","ADDRESS_COMPLEMENT":null,"DISTRICT":"CENTRO","CITY":"FRANCA","STATE":"SP","ZIP_CODE":14405130.0},{"EIN (CNPJ)":2010574000176,"CORPORATE_NAME":"JOSE THOMAS DE CARVALHO","TRADING NAME":"CENTRO ETILICO CULTURAL GASTRONOMICO","STREET":"AVENIDA CALIL JOSE DIB","ADDRESS_NUMBER":"140","ADDRESS_COMPLEMENT":null,"DISTRICT":"VILA SARGI","CITY":"TAQUARITINGA","STATE":"SP","ZIP_CODE":15901030.0},{"EIN (CNPJ)":25907000105,"CORPORATE_NAME":"MARAILTO GONCALVES PEDROSO","TRADING NAME":"PANCETA'S BAR - PETISCARIA E LANCHONETE","STREET":"RUA ANITA GARIBALDI","ADDRESS_NUMBER":"1.344","ADDRESS_COMPLEMENT":null,"DISTRICT":"CAMPOS ELISEOS","CITY":"RIBEIRAO PRETO","STATE":"SP","ZIP_CODE":14085480.0},{"EIN (CNPJ)":1966828000161,"CORPORATE_NAME":"JOSE MANDU DE MELO ARARAQUARA","TRADING NAME":"BAR E LANCHONETE 2001","STREET":"AVENIDA CYRO CARNEIRO JUNQUEIRA","ADDRESS_NUMBER":"113","ADDRESS_COMPLEMENT":"SETOR 4","DISTRICT":"SELMI DEI","CITY":"ARARAQUARA","STATE":"SP","ZIP_CODE":14806364.0},{"EIN (CNPJ)":2421327000162,"CORPORATE_NAME":"GONZAGA E SOUZA LTDA","TRADING NAME":"Indispon\u00edvel","STREET":"AVENIDA GUERINO ABRAMO PAPPA","ADDRESS_NUMBER":"550","ADDRESS_COMPLEMENT":null,"DISTRICT":"SAO ROQUE","CITY":"JABOTICABAL","STATE":"SP","ZIP_CODE":14871250.0},{"EIN (CNPJ)":5370000111,"CORPORATE_NAME":"RESTAURANTE O CASARAO DE BARRETOS LTDA","TRADING NAME":"RESTAURANTE O CASARAO","STREET":"RUA 6","ADDRESS_NUMBER":"855","ADDRESS_COMPLEMENT":null,"DISTRICT":"CENTRO","CITY":"BARRETOS","STATE":"SP","ZIP_CODE":14780010.0},{"EIN (CNPJ)":130391000169,"CORPORATE_NAME":"MARLI NOGUEIRA VICOZO CARVALHO","TRADING NAME":"Indispon\u00edvel","STREET":"RUA PROGRESSO","ADDRESS_NUMBER":"96","ADDRESS_COMPLEMENT":null,"DISTRICT":"COESTER","CITY":"FERNANDOPOLIS","STATE":"SP","ZIP_CODE":15600001.0},{"EIN (CNPJ)":17767000123,"CORPORATE_NAME":"GETULIO CARRETEIRO BAR","TRADING NAME":"BAR DO GETULIO","STREET":"AVENIDA SANTA TEREZINHA","ADDRESS_NUMBER":"1735","ADDRESS_COMPLEMENT":null,"DISTRICT":"JARDIM PROGRESSO","CITY":"MAGDA","STATE":"SP","ZIP_CODE":15310000.0},{"EIN (CNPJ)":224963000179,"CORPORATE_NAME":"ANTONIO MARCO BOSSOLANI","TRADING NAME":"BAR SAO JOSE","STREET":"RUA LAZARO DA SILVA BRUNO","ADDRESS_NUMBER":"322","ADDRESS_COMPLEMENT":null,"DISTRICT":"SERRINHA","CITY":"TABAPUA","STATE":"SP","ZIP_CODE":15880000.0},{"EIN (CNPJ)":2434251000100,"CORPORATE_NAME":"JOSE PEREIRA DA SILVA LUTECIA","TRADING NAME":"BAR DO REINO UNIDO","STREET":"RUA XAVIER DE VASCONCELOS","ADDRESS_NUMBER":"97","ADDRESS_COMPLEMENT":null,"DISTRICT":"VILA MARIALVES","CITY":"ASSIS","STATE":"SP","ZIP_CODE":19804600.0},{"EIN (CNPJ)":30040000186,"CORPORATE_NAME":"J.ANDRE F. BARBOSA","TRADING NAME":"ZAO EVENTOS","STREET":"AVENIDA JOAO LEME","ADDRESS_NUMBER":"477","ADDRESS_COMPLEMENT":null,"DISTRICT":"CENTRO","CITY":"PANORAMA","STATE":"SP","ZIP_CODE":17980000.0},{"EIN (CNPJ)":2284796000187,"CORPORATE_NAME":"ANTONIO JOSE LOURENCO DA SILVA","TRADING NAME":"BAR E MERCEARIA DO ANTONIO","STREET":"AVENIDA ALVARO COELHO","ADDRESS_NUMBER":"457","ADDRESS_COMPLEMENT":null,"DISTRICT":"CENTRO","CITY":"MARABA PAULISTA","STATE":"SP","ZIP_CODE":19430000.0},{"EIN (CNPJ)":1730457000114,"CORPORATE_NAME":"APARECIDA DALVA BRAZOLOTO","TRADING NAME":"BAR DONA DALVA","STREET":"RUA BARTOLOMEU BUENO","ADDRESS_NUMBER":"30","ADDRESS_COMPLEMENT":null,"DISTRICT":"JARDIM ALVORADA","CITY":"OSVALDO CRUZ","STATE":"SP","ZIP_CODE":17700000.0},{"EIN (CNPJ)":918544000137,"CORPORATE_NAME":"LUIS ANTONIO DUARTE PANORAMA","TRADING NAME":"PRONTO SOCORRO DA CERVEJA II","STREET":"RUA DOMINGOS CHIARARIA","ADDRESS_NUMBER":"2575","ADDRESS_COMPLEMENT":"CASA  1","DISTRICT":"MARRECAS","CITY":"PANORAMA","STATE":"SP","ZIP_CODE":17980000.0},{"EIN (CNPJ)":2635156000174,"CORPORATE_NAME":"R S BERNARDES TARUMA","TRADING NAME":"Indispon\u00edvel","STREET":"RUA AGUA MARINHA","ADDRESS_NUMBER":"203","ADDRESS_COMPLEMENT":"CASA","DISTRICT":"VILA CRISTAL","CITY":"TARUMA","STATE":"SP","ZIP_CODE":19820000.0},{"EIN (CNPJ)":2687000102,"CORPORATE_NAME":"TABERNA COUNTRY LANCHONETE EIRELI","TRADING NAME":"BELL PAO","STREET":"AVENIDA HERMINIA DE ANDRADE COUTO E SILVA","ADDRESS_NUMBER":"7","ADDRESS_COMPLEMENT":"      105","DISTRICT":"PARQUE SAO QUIRINO","CITY":"CAMPINAS","STATE":"SP","ZIP_CODE":13088340.0},{"EIN (CNPJ)":12093000174,"CORPORATE_NAME":"JLC COMERCIO DE ALIMENTOS LTDA","TRADING NAME":"Indispon\u00edvel","STREET":"AVENIDA CORONEL SILVA TELES","ADDRESS_NUMBER":"407","ADDRESS_COMPLEMENT":null,"DISTRICT":"CAMBUI","CITY":"CAMPINAS","STATE":"SP","ZIP_CODE":13024000.0},{"EIN (CNPJ)":16052000156,"CORPORATE_NAME":"ILDA MARIA ONGARATTO JUNQUEIRA","TRADING NAME":"Indispon\u00edvel","STREET":"AVENIDA 2","ADDRESS_NUMBER":"64","ADDRESS_COMPLEMENT":null,"DISTRICT":"CHACARAS REUNIDAS ANHANGUERA","CITY":"NOVA ODESSA","STATE":"SP","ZIP_CODE":13380001.0},{"EIN (CNPJ)":910090000158,"CORPORATE_NAME":"MARIA APARECIDA S COMBINATO CASA BRANCA","TRADING NAME":"JULIANO LANCHES, PIZZAS E PORCOES","STREET":"RUA LUIZ PIZA","ADDRESS_NUMBER":"787","ADDRESS_COMPLEMENT":"LOJA","DISTRICT":"CENTRO","CITY":"CASA BRANCA","STATE":"SP","ZIP_CODE":13700000.0},{"EIN (CNPJ)":10939000137,"CORPORATE_NAME":"ANTONIO P. COELHO","TRADING NAME":"Indispon\u00edvel","STREET":"RUA DR. MOACIR DO AMARAL","ADDRESS_NUMBER":"161","ADDRESS_COMPLEMENT":null,"DISTRICT":"JARDIM BELA VISTA","CITY":"COSMOPOLIS","STATE":"SP","ZIP_CODE":13150001.0},{"EIN (CNPJ)":2038654000130,"CORPORATE_NAME":"BAR DO ZEZINHO VALINHOS LTDA","TRADING NAME":"BAR DO ZEZINHO","STREET":"RUA DOS MANACAS","ADDRESS_NUMBER":"384","ADDRESS_COMPLEMENT":null,"DISTRICT":"JARDIM VITORIA REGIAS","CITY":"VALINHOS","STATE":"SP","ZIP_CODE":13273030.0},{"EIN (CNPJ)":199685000147,"CORPORATE_NAME":"ROSILENE GASPARINI LIMA","TRADING NAME":"Indispon\u00edvel","STREET":"RUA ANA PEREIRA EICHEMBERG","ADDRESS_NUMBER":"55","ADDRESS_COMPLEMENT":null,"DISTRICT":"PARQUE ROSA SILVA","CITY":"SUMARE","STATE":"SP","ZIP_CODE":13173220.0},{"EIN (CNPJ)":9276000130,"CORPORATE_NAME":"MARILDA APARECIDA MORAES MELLO BERNARDI","TRADING NAME":"CONFECCOES BRUVITHA","STREET":"RUA JOSE DE FREITAS","ADDRESS_NUMBER":"34","ADDRESS_COMPLEMENT":"      SALA B","DISTRICT":"CENTRO","CITY":"LINDOIA","STATE":"SP","ZIP_CODE":13950000.0},{"EIN (CNPJ)":3824000115,"CORPORATE_NAME":"PIZZARIA MIKELLY DE AMERICANA LTDA","TRADING NAME":"PIZZARIA MIKELLY","STREET":"AVENIDA CAMPOS SALLES","ADDRESS_NUMBER":"1680","ADDRESS_COMPLEMENT":null,"DISTRICT":"VILA LOURICILDA","CITY":"AMERICANA","STATE":"SP","ZIP_CODE":13465590.0},{"EIN (CNPJ)":361144000173,"CORPORATE_NAME":"ERMITA DOS SANTOS 17558461855","TRADING NAME":"BAR RAIMUNDINHO","STREET":"RUA MATEUS CICCONE","ADDRESS_NUMBER":"79","ADDRESS_COMPLEMENT":null,"DISTRICT":"JD BRASIL","CITY":"SANTA CRUZ DAS PALMEIRAS","STATE":"SP","ZIP_CODE":13650000.0},{"EIN (CNPJ)":144483000106,"CORPORATE_NAME":"ANTONIO CARLOS ALVES AMERICANA","TRADING NAME":"Indispon\u00edvel","STREET":"RUA DOS GIRASSOIS","ADDRESS_NUMBER":"298","ADDRESS_COMPLEMENT":null,"DISTRICT":"CIDADE JARDIM II","CITY":"AMERICANA","STATE":"SP","ZIP_CODE":13467130.0},{"EIN (CNPJ)":262324000106,"CORPORATE_NAME":"FERNANDO R BRANDAO","TRADING NAME":"BALA NA BOCA DISTRIBUIDORA DE DOCES","STREET":"RUA JACINTA ROSA DE SAO JOSE","ADDRESS_NUMBER":"250","ADDRESS_COMPLEMENT":null,"DISTRICT":"PARQUE INDUSTRIAL","CITY":"CAMPINAS","STATE":"SP","ZIP_CODE":13031670.0},{"EIN (CNPJ)":180049000173,"CORPORATE_NAME":"HORTIFFREE COMERCIO DE ALIMENTOS LTDA","TRADING NAME":"Indispon\u00edvel","STREET":"RUA LEANDRO MARTINS","ADDRESS_NUMBER":"59","ADDRESS_COMPLEMENT":null,"DISTRICT":"CENTRO","CITY":"RIO DE JANEIRO","STATE":"RJ","ZIP_CODE":20080070.0},{"EIN (CNPJ)":2589061000161,"CORPORATE_NAME":"ALLEATO GRILL LTDA","TRADING NAME":"Indispon\u00edvel","STREET":"RUA JOSE LOURENCO AZEVEDO","ADDRESS_NUMBER":"181","ADDRESS_COMPLEMENT":null,"DISTRICT":"ROCHA","CITY":"SAO GONCALO","STATE":"RJ","ZIP_CODE":24421300.0},{"EIN (CNPJ)":91870000113,"CORPORATE_NAME":"DON TUKA BAR E LANCHONETE EIRELI","TRADING NAME":"LORO S AE","STREET":"ESTRADA GUANDU DO SAPE","ADDRESS_NUMBER":"25","ADDRESS_COMPLEMENT":"LOJA  A,B,C,D","DISTRICT":"CAMPO GRANDE","CITY":"RIO DE JANEIRO","STATE":"RJ","ZIP_CODE":23090032.0},{"EIN (CNPJ)":176136000157,"CORPORATE_NAME":"PRA LA DE BAGDA DOCES E SALGADOS LTDA","TRADING NAME":"ARAB","STREET":"AVENIDA BORGES DE MEDEIROS","ADDRESS_NUMBER":"S\/N","ADDRESS_COMPLEMENT":"QUIOSQ9-PARQUE DOS PATINS","DISTRICT":"LAGOA","CITY":"RIO DE JANEIRO","STATE":"RJ","ZIP_CODE":22430042.0},{"EIN (CNPJ)":1436319000550,"CORPORATE_NAME":"NOVA RIOTEL EMPREENDIMENTOS HOTELEIROS LTDA","TRADING NAME":"TROPIK","STREET":"AVENIDA ATLANTICA","ADDRESS_NUMBER":"00","ADDRESS_COMPLEMENT":"      QC 47 E QC 48 E\/F         AV RAINHA ELIZABETH       DA BELGICA","DISTRICT":"COPACABANA","CITY":"RIO DE JANEIRO","STATE":"RJ","ZIP_CODE":22070002.0},{"EIN (CNPJ)":2728524000129,"CORPORATE_NAME":"J. C. SANTOS DE AZEVEDO ACOUGUE AVIARIO E MERCEARIA","TRADING NAME":"Indispon\u00edvel","STREET":"AVENIDA SIMAO DA MOTTA","ADDRESS_NUMBER":"347","ADDRESS_COMPLEMENT":"LOJA B","DISTRICT":"CENTRO","CITY":"MAGE","STATE":"RJ","ZIP_CODE":25900001.0},{"EIN (CNPJ)":59904000192,"CORPORATE_NAME":"BAR E MERCEARIA COSTA RICA LTDA","TRADING NAME":"COSTA RICA BEBIDAS","STREET":"AVENIDA CESARIO DE MELO","ADDRESS_NUMBER":"13058","ADDRESS_COMPLEMENT":"      RUA VINTE E UM N 136      LOJA A","DISTRICT":"SANTA CRUZ","CITY":"RIO DE JANEIRO","STATE":"RJ","ZIP_CODE":23590060.0},{"EIN (CNPJ)":783038000188,"CORPORATE_NAME":"MATRIARCA COMERCIO DE ALIMENTOS LTDA","TRADING NAME":"QUIOSQUE PIRATAS","STREET":"AVENIDA LUCIO COSTA","ADDRESS_NUMBER":"00","ADDRESS_COMPLEMENT":"      ILHA 22 QUIOSQUE          44A","DISTRICT":"BARRA DA TIJUCA","CITY":"RIO DE JANEIRO","STATE":"RJ","ZIP_CODE":22795006.0},{"EIN (CNPJ)":96865000101,"CORPORATE_NAME":"JOSE ANTONIO DE SOUZA RESENDE","TRADING NAME":"COQUE PIT","STREET":"RUA VISCONDE DO CAIRU","ADDRESS_NUMBER":"356","ADDRESS_COMPLEMENT":null,"DISTRICT":"GUARANI","CITY":"CABO FRIO","STATE":"RJ","ZIP_CODE":28909310.0},{"EIN (CNPJ)":2213210000193,"CORPORATE_NAME":"A. R. CANTO MERCEARIA E DEPOSITO","TRADING NAME":"BAR DO EDU","STREET":"RUA AGENOR MEDEIROS","ADDRESS_NUMBER":"33","ADDRESS_COMPLEMENT":"LOJA  1","DISTRICT":"VINHATEIRO","CITY":"SAO PEDRO DA ALDEIA","STATE":"RJ","ZIP_CODE":28943506.0},{"EIN (CNPJ)":810767000186,"CORPORATE_NAME":"ASTERITO VALADAO E FOLETTO BAR E RESTAURANTE LTDA","TRADING NAME":"PIER LOUNGE","STREET":"AVENIDA SAQUAREMA","ADDRESS_NUMBER":"883","ADDRESS_COMPLEMENT":null,"DISTRICT":"PORTO NOVO","CITY":"SAQUAREMA","STATE":"RJ","ZIP_CODE":28991311.0},{"EIN (CNPJ)":709511000187,"CORPORATE_NAME":"DILCIMAR CAETANO DA SILVA","TRADING NAME":"Indispon\u00edvel","STREET":"RUA JOAQUIM PEREIRA BISPO","ADDRESS_NUMBER":"475","ADDRESS_COMPLEMENT":"LOTE  06","DISTRICT":"SAO JORGE","CITY":"NOVA FRIBURGO","STATE":"RJ","ZIP_CODE":28633615.0},{"EIN (CNPJ)":108202000151,"CORPORATE_NAME":"ARMAZEM COQUEIRO LTDA","TRADING NAME":"ARMAZEM COQUEIRO","STREET":"ESTRADA DO CABRAL","ADDRESS_NUMBER":"0","ADDRESS_COMPLEMENT":null,"DISTRICT":"CABRAL","CITY":"PARATY","STATE":"RJ","ZIP_CODE":23970000.0},{"EIN (CNPJ)":208531000174,"CORPORATE_NAME":"CHAMA GOLE COMERCIO DE BEBIDAS E ALIMENTOS LTDA","TRADING NAME":"Indispon\u00edvel","STREET":"RUA NAIR DURAO GUIMARAES","ADDRESS_NUMBER":"407","ADDRESS_COMPLEMENT":null,"DISTRICT":"TRES BARRAS","CITY":"LINHARES","STATE":"ES","ZIP_CODE":29907040.0},{"EIN (CNPJ)":2708144000122,"CORPORATE_NAME":"MARIA APARECIDA DA PAIXAO - BOM LANCHES","TRADING NAME":"QUIOSQUE SOL E MAR","STREET":"AVENIDA DANTE MICHELINI","ADDRESS_NUMBER":"4740","ADDRESS_COMPLEMENT":"QUIOSQ: 31;","DISTRICT":"JARDIM CAMBURI","CITY":"VITORIA","STATE":"ES","ZIP_CODE":29090070.0},{"EIN (CNPJ)":2129685000104,"CORPORATE_NAME":"SANDRO CRIBARI SOARES","TRADING NAME":"CERIMONIAL GAIA","STREET":"RUA KOREA","ADDRESS_NUMBER":"03,04","ADDRESS_COMPLEMENT":null,"DISTRICT":"PORTAL DE JACARAIPE","CITY":"SERRA","STATE":"ES","ZIP_CODE":29173835.0},{"EIN (CNPJ)":81013000132,"CORPORATE_NAME":"BAR E LANCHONETE BR LTDA","TRADING NAME":"Indispon\u00edvel","STREET":"AVENIDA SANTOS DUMONT","ADDRESS_NUMBER":"387","ADDRESS_COMPLEMENT":null,"DISTRICT":"CENTRO","CITY":"BELO HORIZONTE","STATE":"MG","ZIP_CODE":30111040.0},{"EIN (CNPJ)":885263000125,"CORPORATE_NAME":"12\/12 BARBARA CHADID SALAZAR LTDA","TRADING NAME":"ARENA ATAIDE","STREET":"AVENIDA DOM PEDRO II","ADDRESS_NUMBER":"5102","ADDRESS_COMPLEMENT":"SETOR: 05 E 07;","DISTRICT":"JARDIM MONTANHES","CITY":"BELO HORIZONTE","STATE":"MG","ZIP_CODE":30750000.0},{"EIN (CNPJ)":2592537000113,"CORPORATE_NAME":"ROMULO COSTA ALVES","TRADING NAME":"ESPANTA CRISE CAFE","STREET":"AVENIDA DO CONTORNO","ADDRESS_NUMBER":"1790","ADDRESS_COMPLEMENT":"LJ A","DISTRICT":"FLORESTA","CITY":"BELO HORIZONTE","STATE":"MG","ZIP_CODE":30110008.0},{"EIN (CNPJ)":93654000107,"CORPORATE_NAME":"BAR E RESTAURANTE PANORAMA LTDA","TRADING NAME":"BAR E RESTAURANTE PANORAMA","STREET":"RUA EDUARDO CARLOS","ADDRESS_NUMBER":"5","ADDRESS_COMPLEMENT":"LOJA;","DISTRICT":"ARAGUAIA","CITY":"BELO HORIZONTE","STATE":"MG","ZIP_CODE":30620440.0},{"EIN (CNPJ)":66180000104,"CORPORATE_NAME":"NISIO FONTES SALGADO","TRADING NAME":"NISIO 'S BAR","STREET":"RUA CONTAGEM","ADDRESS_NUMBER":"1395","ADDRESS_COMPLEMENT":"LOJA: A;","DISTRICT":"SANTA INES","CITY":"BELO HORIZONTE","STATE":"MG","ZIP_CODE":31080255.0},{"EIN (CNPJ)":691848000104,"CORPORATE_NAME":"BAR & LANCHONETE DO EXPEDITO LTDA","TRADING NAME":"BAR DO EXPEDITO","STREET":"RUA DA CONCEICAO","ADDRESS_NUMBER":"405","ADDRESS_COMPLEMENT":"LETRA A","DISTRICT":"PRAIA","CITY":"ITABIRA","STATE":"MG","ZIP_CODE":35900281.0},{"EIN (CNPJ)":1095299000178,"CORPORATE_NAME":"LEONARDO TEIXEIRA DE SOUZA","TRADING NAME":"Indispon\u00edvel","STREET":"RUA IMBIACA","ADDRESS_NUMBER":"350","ADDRESS_COMPLEMENT":"LOJA  B","DISTRICT":"DOM CABRAL","CITY":"BELO HORIZONTE","STATE":"MG","ZIP_CODE":30535100.0},{"EIN (CNPJ)":82324000116,"CORPORATE_NAME":"BAR E LANCHONETE CARIBE LTDA","TRADING NAME":"BAR DO CLAUDIO","STREET":"AVENIDA BRASIL","ADDRESS_NUMBER":"125","ADDRESS_COMPLEMENT":"LOJA;","DISTRICT":"SANTA EFIGENIA","CITY":"BELO HORIZONTE","STATE":"MG","ZIP_CODE":30140000.0},{"EIN (CNPJ)":2650223000120,"CORPORATE_NAME":"LUIZ CARLOS DE OLIVEIRA","TRADING NAME":"TABERNA BAR","STREET":"RUA JORGE ELIAS","ADDRESS_NUMBER":"1593","ADDRESS_COMPLEMENT":null,"DISTRICT":"SAO SEBASTIAO","CITY":"TOMBOS","STATE":"MG","ZIP_CODE":36844000.0},{"EIN (CNPJ)":1631114000100,"CORPORATE_NAME":"MANUEL NATALINO COELHO","TRADING NAME":"MANUEL DO GAIDE","STREET":"AVENIDA GENTIL CALDEIRA","ADDRESS_NUMBER":"30","ADDRESS_COMPLEMENT":null,"DISTRICT":"CANTINHO DO CEU","CITY":"MUTUM","STATE":"MG","ZIP_CODE":36955000.0},{"EIN (CNPJ)":1631114000283,"CORPORATE_NAME":"MANUEL NATALINO COELHO","TRADING NAME":"BAR MANUEL DO GAIDE","STREET":"RUA DR. ARTUR EUTROPIO","ADDRESS_NUMBER":"16","ADDRESS_COMPLEMENT":null,"DISTRICT":"CANTINHO DO CEU","CITY":"MUTUM","STATE":"MG","ZIP_CODE":36955000.0},{"EIN (CNPJ)":1785218000161,"CORPORATE_NAME":"MARIA NILZA ALVES DE MACEDO E CIA LTDA","TRADING NAME":"CHURRASCARIA BOI NA BRASA","STREET":"AVENIDA FIRMIANO LACERDA","ADDRESS_NUMBER":"495","ADDRESS_COMPLEMENT":null,"DISTRICT":"JOAQUIM D. DOS PRAZERES","CITY":"SANTA MARIA DO SUACUI","STATE":"MG","ZIP_CODE":39780000.0},{"EIN (CNPJ)":1546054000209,"CORPORATE_NAME":"PADARIA SANTOS LTDA","TRADING NAME":"CASCATA BAR","STREET":"RUA SAO FRANCISCO","ADDRESS_NUMBER":"61","ADDRESS_COMPLEMENT":null,"DISTRICT":"CENTRO","CITY":"ALMENARA","STATE":"MG","ZIP_CODE":39900000.0},{"EIN (CNPJ)":1962017000192,"CORPORATE_NAME":"JACINTO LUCIO DA COSTA CPF 484.556.796-20","TRADING NAME":"MAITRE BUFFET","STREET":"RUA MARIA MARTINS DO AMARAL","ADDRESS_NUMBER":"63","ADDRESS_COMPLEMENT":null,"DISTRICT":"CIDADE JARDIM","CITY":"SANTO ANTONIO DO MONTE","STATE":"MG","ZIP_CODE":35560000.0},{"EIN (CNPJ)":2344336000105,"CORPORATE_NAME":"NEUZA ALVES DE OLIVEIRA","TRADING NAME":"SEU CAETANO GRIL","STREET":"AVENIDA AYRTON SENNA DA SILVA","ADDRESS_NUMBER":"591","ADDRESS_COMPLEMENT":null,"DISTRICT":"SANTA ROSA","CITY":"DIVINOPOLIS","STATE":"MG","ZIP_CODE":35500765.0},{"EIN (CNPJ)":1636345000280,"CORPORATE_NAME":"VANIA APARECIDA SALES MOREIRA","TRADING NAME":"BAR ESQUINA DA QUITANDA","STREET":"RUA DA QUITANDA","ADDRESS_NUMBER":"39","ADDRESS_COMPLEMENT":null,"DISTRICT":"CENTRO","CITY":"DIAMANTINA","STATE":"MG","ZIP_CODE":39100000.0},{"EIN (CNPJ)":130282000141,"CORPORATE_NAME":"BAR & SNOOKER COBRAS LTDA","TRADING NAME":"BAR E SNOOKER COBRAS","STREET":"AVENIDA MARECHAL FLORIANO PEIXOTO","ADDRESS_NUMBER":"374","ADDRESS_COMPLEMENT":null,"DISTRICT":"CENTRO","CITY":"CURITIBA","STATE":"PR","ZIP_CODE":80010130.0},{"EIN (CNPJ)":1618844000163,"CORPORATE_NAME":"HOTTEL 418 BAR E ENTRETENIMENTO LTDA","TRADING NAME":"HOTTEL 418","STREET":"RUA BARAO DO RIO BRANCO","ADDRESS_NUMBER":"418","ADDRESS_COMPLEMENT":"TERREO","DISTRICT":"CENTRO","CITY":"CURITIBA","STATE":"PR","ZIP_CODE":80010180.0},{"EIN (CNPJ)":668542000137,"CORPORATE_NAME":"RODEO COUNTRY BAR EIRELI","TRADING NAME":"RODEO CONTRY BAR","STREET":"RODOVIA BR 116","ADDRESS_NUMBER":"4100","ADDRESS_COMPLEMENT":null,"DISTRICT":"ATUBA","CITY":"CURITIBA","STATE":"PR","ZIP_CODE":82590100.0},{"EIN (CNPJ)":12928000196,"CORPORATE_NAME":"J.R.DA SILVA AMERICANA-ME","TRADING NAME":"Indispon\u00edvel","STREET":"AVENIDA AFONSO SCHIMIDT","ADDRESS_NUMBER":"635","ADDRESS_COMPLEMENT":null,"DISTRICT":"ANTONIO ZANAGA II","CITY":"AMERICANA","STATE":"SP","ZIP_CODE":13474510.0},{"EIN (CNPJ)":127219000156,"CORPORATE_NAME":"CELI AMILTON DOS ANJOS","TRADING NAME":"BAR DO CELI","STREET":"RUA JOAO PESSOA","ADDRESS_NUMBER":"1530","ADDRESS_COMPLEMENT":null,"DISTRICT":"CENTRO","CITY":"CAMPO LARGO","STATE":"PR","ZIP_CODE":83601060.0},{"EIN (CNPJ)":117166000192,"CORPORATE_NAME":"ISABEL YAIKO MORITA","TRADING NAME":"FRANGONETE E ROTISSERIA KI FRANGU'S","STREET":"RUA PREFEITO ROQUE VERNALHA","ADDRESS_NUMBER":"1245","ADDRESS_COMPLEMENT":"SALA  1","DISTRICT":"VILA PARANAGUA","CITY":"PARANAGUA","STATE":"PR","ZIP_CODE":83221000.0},{"EIN (CNPJ)":2790253000131,"CORPORATE_NAME":"MARIA DO ROCIO SANTOS-LANCHONETE","TRADING NAME":"VALTER'S BAR","STREET":"RUA MARCIO N. GONCALVES","ADDRESS_NUMBER":"80","ADDRESS_COMPLEMENT":null,"DISTRICT":"ESTRADINHA","CITY":"PARANAGUA","STATE":"PR","ZIP_CODE":83206466.0},{"EIN (CNPJ)":1514418000180,"CORPORATE_NAME":"DLM LANCHONETE LTDA","TRADING NAME":"CHURRASKOL","STREET":"RUA LUIZ TRAMONTIN","ADDRESS_NUMBER":"2180","ADDRESS_COMPLEMENT":null,"DISTRICT":"CIDADE INDUSTRIAL","CITY":"CURITIBA","STATE":"PR","ZIP_CODE":81230161.0},{"EIN (CNPJ)":58541000170,"CORPORATE_NAME":"Q COISA BOA BAR LTDA","TRADING NAME":"BUTECO TOMAUMA","STREET":"RUA MATEUS LEME","ADDRESS_NUMBER":"2631","ADDRESS_COMPLEMENT":null,"DISTRICT":"BOM RETIRO","CITY":"CURITIBA","STATE":"PR","ZIP_CODE":80520174.0},{"EIN (CNPJ)":1906570000108,"CORPORATE_NAME":"CROSSROADS BAR LTDA","TRADING NAME":"CROSSROADS","STREET":"AVENIDA IGUACU","ADDRESS_NUMBER":"2310","ADDRESS_COMPLEMENT":null,"DISTRICT":"AGUA VERDE","CITY":"CURITIBA","STATE":"PR","ZIP_CODE":80240031.0},{"EIN (CNPJ)":2748664000169,"CORPORATE_NAME":"NEUZA FURTADO DA COSTA","TRADING NAME":"Indispon\u00edvel","STREET":"RUA CONSELHEIRO ZACARIAS","ADDRESS_NUMBER":"521","ADDRESS_COMPLEMENT":null,"DISTRICT":"VILA SANTANA","CITY":"PITANGA","STATE":"PR","ZIP_CODE":85200000.0},{"EIN (CNPJ)":102191000100,"CORPORATE_NAME":"BOZOLA - COMERCIO DE CACHACAS LTDA.","TRADING NAME":"AGUA DOCE CACHACARIA","STREET":"AVENIDA SANTOS DUMONT","ADDRESS_NUMBER":"1.339","ADDRESS_COMPLEMENT":"CASA","DISTRICT":"JARDIM AEROPORTO","CITY":"LONDRINA","STATE":"PR","ZIP_CODE":86039090.0},{"EIN (CNPJ)":111505000123,"CORPORATE_NAME":"V RODRIGUES - DRINKS BAR","TRADING NAME":"Indispon\u00edvel","STREET":"RUA CRISTOVAO CARDOSO DE BARROS","ADDRESS_NUMBER":"168","ADDRESS_COMPLEMENT":null,"DISTRICT":"JARDIM NOVO SABARA","CITY":"LONDRINA","STATE":"PR","ZIP_CODE":86066040.0},{"EIN (CNPJ)":1958555000103,"CORPORATE_NAME":"JUVALDIR SOARES DA SILVA","TRADING NAME":"JUBAR","STREET":"RUA ARY MARTINSKI","ADDRESS_NUMBER":"286","ADDRESS_COMPLEMENT":null,"DISTRICT":"PEDRINHA 2","CITY":"JAGUARIAIVA","STATE":"PR","ZIP_CODE":84200000.0},{"EIN (CNPJ)":90979000136,"CORPORATE_NAME":"JOSE LUIZ SIQUEIRA","TRADING NAME":"Indispon\u00edvel","STREET":"RUA JOSE LEONIDAS NERONE","ADDRESS_NUMBER":"80","ADDRESS_COMPLEMENT":null,"DISTRICT":"JARDIM ANDRADE","CITY":"MARINGA","STATE":"PR","ZIP_CODE":87035450.0},{"EIN (CNPJ)":79379000177,"CORPORATE_NAME":"D ANTONIO DA SILVA PADARIA","TRADING NAME":"Indispon\u00edvel","STREET":"RUA FOZ DO AREIA","ADDRESS_NUMBER":"630","ADDRESS_COMPLEMENT":null,"DISTRICT":"JARDIM EBENEZER","CITY":"MARINGA","STATE":"PR","ZIP_CODE":87035340.0},{"EIN (CNPJ)":102189000123,"CORPORATE_NAME":"KOZAN E SILVA LTDA","TRADING NAME":"ARCAM","STREET":"VIA ROSALINA MARIA DOS SANTOS","ADDRESS_NUMBER":"1697","ADDRESS_COMPLEMENT":null,"DISTRICT":"AREA URBANIZADA I","CITY":"CAMPO MOURAO","STATE":"PR","ZIP_CODE":87301899.0},{"EIN (CNPJ)":66265000192,"CORPORATE_NAME":"JOSE ADAO DEMKO LANCHONETE","TRADING NAME":"Indispon\u00edvel","STREET":"RUA DA CONSOLACAO","ADDRESS_NUMBER":"351","ADDRESS_COMPLEMENT":null,"DISTRICT":"CENTRO","CITY":"MARIA HELENA","STATE":"PR","ZIP_CODE":87480000.0},{"EIN (CNPJ)":70273000102,"CORPORATE_NAME":"VANDA DA SILVA LANCHONETE","TRADING NAME":"LANCHONETE PONTO CERTO","STREET":"AVENIDA MATE LARANJEIRA","ADDRESS_NUMBER":"1221","ADDRESS_COMPLEMENT":"SALA  1","DISTRICT":"CENTRO","CITY":"GUAIRA","STATE":"PR","ZIP_CODE":85980000.0},{"EIN (CNPJ)":1725040000163,"CORPORATE_NAME":"PAULO BRAZ CAMARGO 40798178949","TRADING NAME":"Indispon\u00edvel","STREET":"AVENIDA PAULISTA","ADDRESS_NUMBER":"603","ADDRESS_COMPLEMENT":null,"DISTRICT":"JUVINOPOLIS","CITY":"CASCAVEL","STATE":"PR","ZIP_CODE":85821000.0},{"EIN (CNPJ)":130210000102,"CORPORATE_NAME":"EDEMAR DOBERSTEIN","TRADING NAME":"Indispon\u00edvel","STREET":"RODOVIA PR 488","ADDRESS_NUMBER":"SN","ADDRESS_COMPLEMENT":null,"DISTRICT":"CHACARA 116","CITY":"SANTA HELENA","STATE":"PR","ZIP_CODE":85892000.0},{"EIN (CNPJ)":2570948000108,"CORPORATE_NAME":"RIBEIRAO LANCHES LTDA","TRADING NAME":"CAPITAO BAR","STREET":"AVENIDA JORGE SCHIMMELPFENG","ADDRESS_NUMBER":"288","ADDRESS_COMPLEMENT":null,"DISTRICT":"CENTRO","CITY":"FOZ DO IGUACU","STATE":"PR","ZIP_CODE":85851110.0},{"EIN (CNPJ)":1664669000140,"CORPORATE_NAME":"ROSANGELA SUSZEK","TRADING NAME":"ESPETINHOS DO ELEMAR","STREET":"AVENIDA RIO GRANDE DO SUL","ADDRESS_NUMBER":"2800","ADDRESS_COMPLEMENT":"SALA  02\/ QUADRA 01 LOTE 02","DISTRICT":"JARDIM MARECHAL","CITY":"MARECHAL CANDIDO RONDON","STATE":"PR","ZIP_CODE":85960000.0},{"EIN (CNPJ)":59578000113,"CORPORATE_NAME":"L. N. DE JESUS & CIA LTDA","TRADING NAME":"Indispon\u00edvel","STREET":"RUA ISRAEL V. SILVEIRA","ADDRESS_NUMBER":"1637","ADDRESS_COMPLEMENT":null,"DISTRICT":"NOVA CIDADE","CITY":"CASCAVEL","STATE":"PR","ZIP_CODE":85803040.0},{"EIN (CNPJ)":2649308000198,"CORPORATE_NAME":"BAR CONTORNO SUL LTDA","TRADING NAME":"Indispon\u00edvel","STREET":"RUA SANTA MARIA GORETTI","ADDRESS_NUMBER":"844","ADDRESS_COMPLEMENT":null,"DISTRICT":"SAO MIGUEL","CITY":"FRANCISCO BELTRAO","STATE":"PR","ZIP_CODE":85602370.0},{"EIN (CNPJ)":1251580000152,"CORPORATE_NAME":"NELCI ALVES DA SILVA","TRADING NAME":"BAILAO CANTINHO DO SONHO THE FRIENDS","STREET":"RUA 716 C","ADDRESS_NUMBER":"380","ADDRESS_COMPLEMENT":null,"DISTRICT":"VARZEA","CITY":"ITAPEMA","STATE":"SC","ZIP_CODE":88220000.0},{"EIN (CNPJ)":2579730000114,"CORPORATE_NAME":"BARBA RUIVA LTDA","TRADING NAME":"AHOY TAVERN CLUB","STREET":"RUA SAO PAULO","ADDRESS_NUMBER":"2083","ADDRESS_COMPLEMENT":null,"DISTRICT":"ITOUPAVA SECA","CITY":"BLUMENAU","STATE":"SC","ZIP_CODE":89030000.0},{"EIN (CNPJ)":1001141000191,"CORPORATE_NAME":"LUCIMARA BORN ALBINO","TRADING NAME":"PIER 104 SUSHI HOUSE","STREET":"AVENIDA BEIRA RIO","ADDRESS_NUMBER":"104","ADDRESS_COMPLEMENT":null,"DISTRICT":"CENTRO","CITY":"BALNEARIO DE PICARRAS","STATE":"SC","ZIP_CODE":88380000.0},{"EIN (CNPJ)":70990000134,"CORPORATE_NAME":"ELASIO GERMANO & CIA LTDA","TRADING NAME":"BAR DO ELASIO","STREET":"AVENIDA GILBERTO COMANDOLLI","ADDRESS_NUMBER":"361","ADDRESS_COMPLEMENT":null,"DISTRICT":"CENTRO","CITY":"VIDAL RAMOS","STATE":"SC","ZIP_CODE":88443000.0},{"EIN (CNPJ)":1445511000180,"CORPORATE_NAME":"JURACI MARIA DEPINE","TRADING NAME":"LA BODEGUINA DEL JOVEM","STREET":"RUA BARAO DO RIO BRANCO","ADDRESS_NUMBER":"1807","ADDRESS_COMPLEMENT":null,"DISTRICT":"GAVEA","CITY":"RODEIO","STATE":"SC","ZIP_CODE":89136000.0},{"EIN (CNPJ)":140450000180,"CORPORATE_NAME":"BAR E MERCEARIA NELSON JUST LTDA","TRADING NAME":"Indispon\u00edvel","STREET":"RUA RIBEIRAO SOUTO","ADDRESS_NUMBER":"1450","ADDRESS_COMPLEMENT":null,"DISTRICT":"TESTO CENTRAL","CITY":"POMERODE","STATE":"SC","ZIP_CODE":89107000.0},{"EIN (CNPJ)":2461759000105,"CORPORATE_NAME":"ANTONIO DA SILVA O ROCHA","TRADING NAME":"BAR E MERCEARIA SILVA","STREET":"RUA DOS HOLANDESES","ADDRESS_NUMBER":"55","ADDRESS_COMPLEMENT":null,"DISTRICT":"PIRABEIRABA","CITY":"JOINVILLE","STATE":"SC","ZIP_CODE":89239250.0},{"EIN (CNPJ)":96130000170,"CORPORATE_NAME":"CARLOS ALBERTO VIZCAYCHIPI DE AGUIAR","TRADING NAME":"HOTEL E RESTAURANTE 6.000","STREET":"RUA ROUXINOL","ADDRESS_NUMBER":"460","ADDRESS_COMPLEMENT":null,"DISTRICT":"BALNEARIO UIRAPURU","CITY":"ITAPOA","STATE":"SC","ZIP_CODE":89249000.0},{"EIN (CNPJ)":2423805000173,"CORPORATE_NAME":"CLAUDETE HOLLES MOURA","TRADING NAME":"Indispon\u00edvel","STREET":"ESTRADA LOC. DE GUARANI","ADDRESS_NUMBER":"SN","ADDRESS_COMPLEMENT":null,"DISTRICT":"GUARANI","CITY":"PAPANDUVA","STATE":"SC","ZIP_CODE":89370000.0},{"EIN (CNPJ)":1758703000146,"CORPORATE_NAME":"AGNALDO LORENCETTI","TRADING NAME":"BOTECO 100 NOME","STREET":"RUA OSCAR VIEIRA","ADDRESS_NUMBER":"1026","ADDRESS_COMPLEMENT":null,"DISTRICT":"CEDRO","CITY":"CAMBORIU","STATE":"SC","ZIP_CODE":88340434.0},{"EIN (CNPJ)":132934000187,"CORPORATE_NAME":"TREVO-LAR BAR E COMERCIO DE GENEROS ALIMENTICIOS LTDA","TRADING NAME":"TREVO-LAR BAR","STREET":"RUA PROF ROGERIO TAVARES","ADDRESS_NUMBER":"135","ADDRESS_COMPLEMENT":null,"DISTRICT":"VILA NOVA","CITY":"IMBITUBA","STATE":"SC","ZIP_CODE":88780000.0},{"EIN (CNPJ)":168223000162,"CORPORATE_NAME":"H E LEMOS BASISCO","TRADING NAME":"BASISCO","STREET":"TRAVESSA OSVALDO BURIGO","ADDRESS_NUMBER":"5","ADDRESS_COMPLEMENT":null,"DISTRICT":"CENTRO","CITY":"NOVA VENEZA","STATE":"SC","ZIP_CODE":88865000.0},{"EIN (CNPJ)":94430000110,"CORPORATE_NAME":"ILDO CARDOSO DA SILVA","TRADING NAME":"BAR DO CARDOSO","STREET":"RUA DORVALINA GUERREIRO","ADDRESS_NUMBER":"116","ADDRESS_COMPLEMENT":"SALA 02","DISTRICT":"CONCEICAO","CITY":"ZORTEA","STATE":"SC","ZIP_CODE":89633000.0},{"EIN (CNPJ)":2107857000130,"CORPORATE_NAME":"PAULO CAMPAGNARO","TRADING NAME":"BAR VELHO CASARAO","STREET":"AVENIDA MICHELLE SIMONETTI","ADDRESS_NUMBER":"1065","ADDRESS_COMPLEMENT":null,"DISTRICT":"SAO MIGUEL","CITY":"FRAIBURGO","STATE":"SC","ZIP_CODE":89580000.0},{"EIN (CNPJ)":1724200000150,"CORPORATE_NAME":"MARILENE BAHLIS DO NASCIMENTO","TRADING NAME":"LENA PROMOCOES E EVENTOS","STREET":"AVENIDA PRINCESA ISABEL","ADDRESS_NUMBER":"795","ADDRESS_COMPLEMENT":"      TERREO FRENTE\/FUNDOS","DISTRICT":"SANTANA","CITY":"PORTO ALEGRE","STATE":"RS","ZIP_CODE":90620001.0},{"EIN (CNPJ)":78090000133,"CORPORATE_NAME":"XIS PONTO 100 LANCHES RAPIDOS LTDA","TRADING NAME":"Indispon\u00edvel","STREET":"AVENIDA PROTASIO ALVES","ADDRESS_NUMBER":"6227","ADDRESS_COMPLEMENT":null,"DISTRICT":"PETROPOLIS","CITY":"PORTO ALEGRE","STATE":"RS","ZIP_CODE":91310003.0},{"EIN (CNPJ)":916042000177,"CORPORATE_NAME":"JOSE BATISTA FERREIRA MARTINS","TRADING NAME":"CHAPS BILLIARD CLUB","STREET":"RUA GENERAL JOSE ANTONIO FLORES DA CUNHA","ADDRESS_NUMBER":"674","ADDRESS_COMPLEMENT":"LOJA  1","DISTRICT":"CENTRO","CITY":"SAPIRANGA","STATE":"RS","ZIP_CODE":93800010.0},{"EIN (CNPJ)":184434000199,"CORPORATE_NAME":"MARCELO DAL PIZZOL","TRADING NAME":"STOCK FELIZ","STREET":"RUA IRMAO WEIBERT","ADDRESS_NUMBER":"345","ADDRESS_COMPLEMENT":null,"DISTRICT":"CENTRO","CITY":"BOM PRINCIPIO","STATE":"RS","ZIP_CODE":95765000.0},{"EIN (CNPJ)":232153000164,"CORPORATE_NAME":"PADARIA E CONFEITARIA HAMBURGO LTDA","TRADING NAME":"Indispon\u00edvel","STREET":"RUA MEXICO","ADDRESS_NUMBER":"287","ADDRESS_COMPLEMENT":null,"DISTRICT":"SANTO AFONSO","CITY":"NOVO HAMBURGO","STATE":"RS","ZIP_CODE":93420310.0},{"EIN (CNPJ)":486600000101,"CORPORATE_NAME":"MARIA IZABEL DOS SANTOS BAR","TRADING NAME":"REQUINTE DRINKS","STREET":"RUA DOS MARINHEIROS","ADDRESS_NUMBER":"390","ADDRESS_COMPLEMENT":null,"DISTRICT":"ORIENTAL","CITY":"ESTRELA","STATE":"RS","ZIP_CODE":95880000.0},{"EIN (CNPJ)":134747000132,"CORPORATE_NAME":"BAR E LANCHERIA JHA LTDA","TRADING NAME":"LANCHERIA RIBEIRO","STREET":"AVENIDA GETULIO VARGAS","ADDRESS_NUMBER":"4554","ADDRESS_COMPLEMENT":"CASA","DISTRICT":"VILA MARIA REGINA","CITY":"ALVORADA","STATE":"RS","ZIP_CODE":94818001.0},{"EIN (CNPJ)":1933727000194,"CORPORATE_NAME":"LURDES CARDOSO","TRADING NAME":"LINS PUB","STREET":"RUA JORGE SPERB","ADDRESS_NUMBER":"257","ADDRESS_COMPLEMENT":null,"DISTRICT":"CENTRO","CITY":"TRAMANDAI","STATE":"RS","ZIP_CODE":95590000.0},{"EIN (CNPJ)":788005000120,"CORPORATE_NAME":"MORIMORI ENTRETENIMENTO LTDA","TRADING NAME":"CASA DE EVENTOS","STREET":"AVENIDA TRAMANDAI","ADDRESS_NUMBER":"339","ADDRESS_COMPLEMENT":"LOJA 1","DISTRICT":"IPANEMA","CITY":"PORTO ALEGRE","STATE":"RS","ZIP_CODE":90001970.0},{"EIN (CNPJ)":790201000130,"CORPORATE_NAME":"ADAO JORGE PECH MARQUES","TRADING NAME":"COMETAS BAR","STREET":"AVENIDA ALEGRIA","ADDRESS_NUMBER":"25","ADDRESS_COMPLEMENT":null,"DISTRICT":"ALEGRIA","CITY":"GUAIBA","STATE":"RS","ZIP_CODE":92727090.0},{"EIN (CNPJ)":101074000203,"CORPORATE_NAME":"MINIMERCADO UBEL LTDA","TRADING NAME":"Indispon\u00edvel","STREET":"RUA MAURICIO CARDOSO","ADDRESS_NUMBER":"SN","ADDRESS_COMPLEMENT":null,"DISTRICT":"TEUTONIA","CITY":"TEUTONIA","STATE":"RS","ZIP_CODE":95890000.0},{"EIN (CNPJ)":1181869000142,"CORPORATE_NAME":"P.A.G. NUNES","TRADING NAME":"MARAGATOS","STREET":"RUA JORNALISTA MARIO TOSCANO BARBOSA","ADDRESS_NUMBER":"25","ADDRESS_COMPLEMENT":null,"DISTRICT":"WILSON","CITY":"SANTANA DO LIVRAMENTO","STATE":"RS","ZIP_CODE":97577450.0},{"EIN (CNPJ)":2596192000176,"CORPORATE_NAME":"GILVANIA BRITTES 68451130097","TRADING NAME":"NOSSO BAR","STREET":"ESTRADA ESTADUAL ESQUINA JABUTICABA","ADDRESS_NUMBER":"SN","ADDRESS_COMPLEMENT":null,"DISTRICT":"INTERIOR","CITY":"BARRA DO GUARITA","STATE":"RS","ZIP_CODE":98530000.0},{"EIN (CNPJ)":2428112000173,"CORPORATE_NAME":"ZENI ZORAIDA GERMANO","TRADING NAME":"LANCHERIA E RESTAURANTE METALUTAIA","STREET":"ESTRADA BR 285 KM","ADDRESS_NUMBER":"414","ADDRESS_COMPLEMENT":"      INTERIOR","DISTRICT":"LINHA ENCARNACAO","CITY":"PANAMBI","STATE":"RS","ZIP_CODE":98280000.0},{"EIN (CNPJ)":537767000154,"CORPORATE_NAME":"NELSON BATISTA","TRADING NAME":"BAR E MINIMERCADO BATISTA","STREET":"RUA VEREADOR ADIL FAGUNDES BENTES","ADDRESS_NUMBER":"199","ADDRESS_COMPLEMENT":null,"DISTRICT":"SANTO ANTONIO","CITY":"ROSARIO DO SUL","STATE":"RS","ZIP_CODE":97590000.0},{"EIN (CNPJ)":37929000195,"CORPORATE_NAME":"ANTONIA BARBOSA DOS SANTOS","TRADING NAME":"BAR E MERCEARIA","STREET":null,"ADDRESS_NUMBER":"35","ADDRESS_COMPLEMENT":null,"DISTRICT":"ASA NORTE","CITY":"BRASILIA","STATE":"DF","ZIP_CODE":70750536.0},{"EIN (CNPJ)":3251000120,"CORPORATE_NAME":"MAC COMERCIO DE ALIMENTOS LTDA","TRADING NAME":"MACS BAR","STREET":"ESTACAO PLATAFORMA RODOVIARIA PLATAFORMA INFERIOR LOJA 26","ADDRESS_NUMBER":"S\/N","ADDRESS_COMPLEMENT":null,"DISTRICT":"PLANO PILOTO","CITY":"BRASILIA","STATE":"DF","ZIP_CODE":70089970.0},{"EIN (CNPJ)":2225414000144,"CORPORATE_NAME":"MM RESTAURANTE E PIZZARIA LTDA","TRADING NAME":"MARIA MARIA","STREET":"QUADRA QNP 18 CONJUNTO B CASA 02 E CONJUNTO C CASA","ADDRESS_NUMBER":"01","ADDRESS_COMPLEMENT":null,"DISTRICT":"CEILANDIA","CITY":"BRASILIA","STATE":"DF","ZIP_CODE":72231802.0},{"EIN (CNPJ)":6379000147,"CORPORATE_NAME":"CHURRASCARIA DO LAGO AGUAS CLARAS LTDA","TRADING NAME":"Indispon\u00edvel","STREET":"AVENIDA ASSIS CHATEAUBRIAND","ADDRESS_NUMBER":"S\/N","ADDRESS_COMPLEMENT":null,"DISTRICT":"AGUAS CLARAS","CITY":"LUZIANIA","STATE":"GO","ZIP_CODE":72812030.0},{"EIN (CNPJ)":2459781000102,"CORPORATE_NAME":"DISK BEBIDAS ZERO GRAU COMERCIO EIRELI","TRADING NAME":"ARRUMADINHO ZERO GRAU","STREET":"QUADRA CSB 6 LOTE","ADDRESS_NUMBER":"08","ADDRESS_COMPLEMENT":"LOJA  09","DISTRICT":"TAGUATINGA SUL (TAGUATINGA)","CITY":"BRASILIA","STATE":"DF","ZIP_CODE":72015565.0},{"EIN (CNPJ)":131936000151,"CORPORATE_NAME":"DDAS COMERCIO DE ALIMENTOS LTDA","TRADING NAME":"Indispon\u00edvel","STREET":"RUA S-6","ADDRESS_NUMBER":"462","ADDRESS_COMPLEMENT":"CONJ.202 Q.S26 LT.3\/4","DISTRICT":"SETOR BELA VISTA","CITY":"GOIANIA","STATE":"GO","ZIP_CODE":74823470.0},{"EIN (CNPJ)":31575000171,"CORPORATE_NAME":"ALESANDRO GABRIELE DI MAIO - BAR G D M","TRADING NAME":"BAR GDM","STREET":"RUA COUTO MAGALHAES","ADDRESS_NUMBER":"614","ADDRESS_COMPLEMENT":"QUADRA04                  LOTE  13","DISTRICT":"CIDADE JARDIM","CITY":"GOIANIA","STATE":"GO","ZIP_CODE":74425350.0},{"EIN (CNPJ)":102822000183,"CORPORATE_NAME":"TANIA REGINA PARISI","TRADING NAME":"CHACARA 10","STREET":"RUA ANTONIO ALVES NETO","ADDRESS_NUMBER":"SN","ADDRESS_COMPLEMENT":"QUADRAC                   LOTE  10A","DISTRICT":"JARDIM MARIA INES","CITY":"APARECIDA DE GOIANIA","STATE":"GO","ZIP_CODE":74914050.0},{"EIN (CNPJ)":2460107000148,"CORPORATE_NAME":"MARCOS ROGERIO PEREIRA DA SILVA","TRADING NAME":"BITS PASTEIS","STREET":"AVENIDA ANHANGUERA","ADDRESS_NUMBER":"14546","ADDRESS_COMPLEMENT":"QUADRAU                   LOTE  01","DISTRICT":"PARQUE INDUSTRIAL PAULISTA","CITY":"GOIANIA","STATE":"GO","ZIP_CODE":74463125.0},{"EIN (CNPJ)":131261000140,"CORPORATE_NAME":"JOSE ABILIO ALVES FERREIRA","TRADING NAME":"BUTECO DO ZE ABILIO","STREET":"RUA S 4","ADDRESS_NUMBER":"S\/N","ADDRESS_COMPLEMENT":"QUADRAS18                 LOJA  22","DISTRICT":"SETOR BELA VISTA","CITY":"GOIANIA","STATE":"GO","ZIP_CODE":74823450.0},{"EIN (CNPJ)":753742000198,"CORPORATE_NAME":"MARINEUZA DA COSTA SAMPAIO","TRADING NAME":"O RECANTO","STREET":"AVENIDA SURUBIM","ADDRESS_NUMBER":"1179SW","ADDRESS_COMPLEMENT":null,"DISTRICT":"LOTEAMENTO CIDEZAL I","CITY":"SAPEZAL","STATE":"MT","ZIP_CODE":78365000.0},{"EIN (CNPJ)":84932000160,"CORPORATE_NAME":"J C SILVA DE CANDEIAS","TRADING NAME":"BAR TIA NENA","STREET":"RUA C","ADDRESS_NUMBER":"05","ADDRESS_COMPLEMENT":"TERREO","DISTRICT":"URBIS I","CITY":"CANDEIAS","STATE":"BA","ZIP_CODE":43806000.0},{"EIN (CNPJ)":84904000142,"CORPORATE_NAME":"VERA LUCIA FERREIRA DO CARMO","TRADING NAME":"Indispon\u00edvel","STREET":"RUA MADALENA PARAGUASSU","ADDRESS_NUMBER":"65","ADDRESS_COMPLEMENT":"TERREO","DISTRICT":"PAU MIUDO","CITY":"SALVADOR","STATE":"BA","ZIP_CODE":40315360.0},{"EIN (CNPJ)":495241000159,"CORPORATE_NAME":"BAR E MERCADINHO CORDEIRO LTDA","TRADING NAME":"Indispon\u00edvel","STREET":"PRACA ASTROGILDA GUIMARAES","ADDRESS_NUMBER":"63","ADDRESS_COMPLEMENT":"A","DISTRICT":"GINASIO","CITY":"SERRINHA","STATE":"BA","ZIP_CODE":48700000.0},{"EIN (CNPJ)":5628000180,"CORPORATE_NAME":"JOSE JAILSON FERREIRA DOS SANTOS & CIA LTDA","TRADING NAME":"Indispon\u00edvel","STREET":"RODOVIA BA-262","ADDRESS_NUMBER":"SN","ADDRESS_COMPLEMENT":null,"DISTRICT":"SAO PEDRO","CITY":"VITORIA DA CONQUISTA","STATE":"BA","ZIP_CODE":45070330.0},{"EIN (CNPJ)":676826000175,"CORPORATE_NAME":"SELSO SOARES DOS SANTOS","TRADING NAME":"Indispon\u00edvel","STREET":"RUA BENICIO FREIRE","ADDRESS_NUMBER":"83","ADDRESS_COMPLEMENT":"SETOR CASA","DISTRICT":"CENTRO","CITY":"ITABAIANINHA","STATE":"SE","ZIP_CODE":49290000.0},{"EIN (CNPJ)":63710000160,"CORPORATE_NAME":"MONICA PEREIRA DA SILVA COMERCIO DE LANCHES","TRADING NAME":"MODA RIO COSMETICOS","STREET":"AVENIDA TANCREDO CAMPOS","ADDRESS_NUMBER":"343","ADDRESS_COMPLEMENT":null,"DISTRICT":"INDUSTRIAL","CITY":"ARACAJU","STATE":"SE","ZIP_CODE":49065780.0},{"EIN (CNPJ)":1143542000186,"CORPORATE_NAME":"ZEZITO ANTONIO ALVES","TRADING NAME":"BAR E RESTAURANTE DO CARUARU","STREET":"LOTEAMENTO RIO FORMOSO II","ADDRESS_NUMBER":"S\/N","ADDRESS_COMPLEMENT":"QUADRA K;LOTE 30","DISTRICT":"CENTRO","CITY":"TAMANDARE","STATE":"PE","ZIP_CODE":55578000.0},{"EIN (CNPJ)":108093000172,"CORPORATE_NAME":"HIRANO MEIRELLES PERDIGAO","TRADING NAME":"Indispon\u00edvel","STREET":"RUA SENADOR POMPEU","ADDRESS_NUMBER":"856","ADDRESS_COMPLEMENT":"QUIOSQUE B","DISTRICT":"CENTRO","CITY":"FORTALEZA","STATE":"CE","ZIP_CODE":60025000.0},{"EIN (CNPJ)":834001000131,"CORPORATE_NAME":"ANA LUCIA FELIX DE CASTRO ME","TRADING NAME":"Indispon\u00edvel","STREET":"RUA SAMUEL UCHOA","ADDRESS_NUMBER":"739","ADDRESS_COMPLEMENT":"LOJA B","DISTRICT":"JARDIM AMERICA","CITY":"FORTALEZA","STATE":"CE","ZIP_CODE":60416170.0},{"EIN (CNPJ)":104908000145,"CORPORATE_NAME":"JOSE JUCIER DE SOUZA 11232342807","TRADING NAME":"MERCEARIA BONS AMIGOS","STREET":"RUA ANTONIO  FRANCISCO DE SOUZA","ADDRESS_NUMBER":"262","ADDRESS_COMPLEMENT":null,"DISTRICT":"VILA SAO PEDRO","CITY":"JUCAS","STATE":"CE","ZIP_CODE":63580000.0},{"EIN (CNPJ)":2488662000188,"CORPORATE_NAME":"EMANUEL JOAQUIM MONTEIRO DOS SANTOS EIRELI","TRADING NAME":"Indispon\u00edvel","STREET":"TRAVESSA QUINTINO BOCAIUVA","ADDRESS_NUMBER":"1821","ADDRESS_COMPLEMENT":"LOJA  03","DISTRICT":"NAZARE","CITY":"BELEM","STATE":"PA","ZIP_CODE":66035190.0},{"EIN (CNPJ)":461983000163,"CORPORATE_NAME":"DTP - EMPREENDIMENTOS LTDA","TRADING NAME":"RAMBEER TASTING ROOM CAXIAS","STREET":"AVENIDA ALEXANDRE COSTA","ADDRESS_NUMBER":"2860","ADDRESS_COMPLEMENT":"SALA  07 E 08","DISTRICT":"VILA LOBAO","CITY":"CAXIAS","STATE":"MA","ZIP_CODE":65605515.0},{"EIN (CNPJ)":1621930000125,"CORPORATE_NAME":"CARLOS NEI RIGO","TRADING NAME":"EXPRESSO CAFE EMPORIO","STREET":"AVENIDA BR 010","ADDRESS_NUMBER":"832","ADDRESS_COMPLEMENT":null,"DISTRICT":"CENTRO","CITY":"ESTREITO","STATE":"MA","ZIP_CODE":65975000.0},{"EIN (CNPJ)":982076000160,"CORPORATE_NAME":"E S SANTANA","TRADING NAME":"Indispon\u00edvel","STREET":"AVENIDA JERUSALEM","ADDRESS_NUMBER":"2658","ADDRESS_COMPLEMENT":null,"DISTRICT":"NOVA CAXIAS","CITY":"CAXIAS","STATE":"MA","ZIP_CODE":65604310.0}]